time, windspeed, humidity, temperature, pressure, rain, snow, clouds, status
2020.05.25,1.89,96,9.07,clouds
2020.05.26,2.24,63,15.55,rain
2020.05.27,2.68,49,19.62,clouds
2020.05.28,1.34,63,14.09,1027,{'1h': 0.32},0,67,rain
2020.05.29,0.89,56,16.47,1028,0,0,27,clouds
2020.05.30,4.99,57,14.99,1022,0,0,38,clouds
2020.05.31,0.45,70,16.67,1018,0,0,8,clear
2020.06.01,3.6,40,19.66,1021,0,0,45,clouds
2020.06.02,4.11,59,21.1,1017,0,0,13,clouds
2020.06.03,3.16,66,22.4,1006,0,0,97,clouds
2020.06.04,2.28,71,19.26,997,{'1h': 1.19},0,100,rain
2020.06.05,1.34,81,15.36,998,{'1h': 0.22},0,100,rain
2020.06.06,1.79,95,11.47,1006,0,0,100,clouds
2020.06.07,0.59,85,15.56,1009,{'1h': 0.25},0,100,rain
2020.06.08,0.45,66,17.4,1015,0,0,79,clouds
2020.06.09,2.24,63,17.59,1015,0,0,97,clouds
2020.06.10,0.89,47,17.96,1014,{'1h': 0.18},0,100,rain
2020.06.11,2.57,83,20.0,1008,0,0,71,clouds
2020.06.12,2.58,74,23.34,1008,0,0,48,clouds
2020.06.13,4.55,55,29.44,1009,{'1h': 0.38},0,6,rain
2020.06.14,2.6,99,19.44,975,{'1h': 1.97},0,100,rain
2020.06.15,2.06,61,21.66,1014,0,0,61,clouds
2020.06.16,0.89,63,22.57,1014,{'1h': 0.85},0,41,rain
2020.06.17,0.89,51,24.25,1009,0,0,97,clouds
2020.06.18,3.91,96,19.25,1009,{'1h': 0.98},0,100,rain
2020.06.19,0.89,97,15.54,1014,{'1h': 0.2},0,100,rain
2020.06.20,4.51,92,15.87,1017,{'1h': 0.78},0,100,rain
2020.06.21,0.45,70,16.67,1016,0,0,96,clouds
2020.06.22,5.64,64,22.4,1021,{'1h': 0.36},0,7,rain
2020.06.23,1.34,60,21.66,1024,0,0,23,clouds
2020.06.24,4.7,91,17.77,1024,0,0,53,clouds
2020.06.25,0.45,60,22.23,1019,0,0,56,clouds
2020.06.26,0.89,76,21.85,1015,{'1h': 0.2},0,54,rain
2020.06.27,3.13,56,26.66,1008,{'1h': 0.91},0,21,rain
2020.06.28,3.6,45,24.24,1014,0,0,75,clouds
2020.06.29,0.89,67,19.97,1009,{'1h': 0.47},0,100,rain
2020.06.30,3.13,56,21.29,1011,0,0,30,clouds
2020.07.01,1.79,68,25.72,1010,{'1h': 0.18},0,9,rain
2020.07.02,1.85,72,23.15,1010,{'1h': 0.72},0,55,rain
2020.07.03,0.89,68,21.09,1017,0,0,37,clouds
2020.07.04,3.58,60,23.69,1017,0,0,72,clouds
2020.07.05,1.79,57,24.63,1010,0,0,61,clouds
2020.07.06,1.34,58,21.1,1010,0,0,70,clouds
2020.07.07,2.68,36,18.33,1013,0,0,64,clouds
2020.07.08,1.5,59,14.11,1017,0,0,90,rain
2020.07.09,2.24,81,19.09,1012,0,0,100,clouds
2020.07.10,1.34,49,26.11,1005,{'1h': 0.16},0,98,rain
2020.07.11,0.89,70,17.94,1022,0,0,100,clouds
2020.07.12,1.79,53,18.52,1024,{'1h': 0.19},0,16,rain
2020.07.13,0.25,60,22.02,1024,0,0,21,clouds
2020.07.14,0.89,57,23.32,1016,0,0,0,clear
2020.07.15,0.45,45,19.07,970,{'1h': 0.11},0,87,rain
2020.07.16,0.45,74,18.51,1015,{'1h': 0.48},0,87,rain
2020.07.17,0.45,62,18.7,1016,{'1h': 0.14},0,26,rain
2020.07.18,0.89,66,22.4,1019,0,0,47,clouds
2020.07.19,2.24,49,24.62,1014,{'1h': 0.33},0,1,rain
2020.07.20,0.89,56,26.66,1014,{'1h': 0.5},0,94,rain
2020.07.21,0.45,65,21.1,1021,0,0,74,clouds
2020.07.22,1.34,42,21.67,1019,0,0,17,clouds
2020.07.23,0.45,61,21.47,1016,0,0,62,clouds
2020.07.24,1.66,62,24.62,1011,0,0,20,clouds
2020.07.25,1.43,67,23.5,1013,{'1h': 0.53},0,8,rain
2020.07.26,0.45,81,19.82,1010,0,0,97,clouds
2020.07.27,0.89,58,25.0,1017,0,0,53,clouds
2020.07.28,5.38,61,27.96,1010,0,0,65,clouds
2020.07.29,2.24,56,23.51,1018,0,0,41,clouds
2020.07.30,1.47,38,25.18,1018,0,0,33,clouds
2020.07.31,0.89,56,25.54,1018,0,0,15,clouds
2020.08.01,3.1,23,27.91,1015,0,0,0,clear
2020.08.02,2.02,49,27.4,1009,0,0,100,clouds
2020.08.03,2.78,95,16.11,1009,0,0,100,clouds
2020.08.04,1.34,68,17.43,1012,0,0,100,clouds
2020.08.05,1,61,23.51,1021,0,0,35,clouds
2020.08.06,1.2,58,25.74,1022,0,0,25,clouds
2020.08.07,2.11,63,29.26,1022,0,0,0,clear
2020.08.08,1.56,49,31.85,1020,0,0,5,clear
2020.08.09,1.79,49,32.2,1017,0,0,20,clouds
2020.08.10,1.5,100,24.41,1019,0,0,20,rain
2020.08.11,2.6,61,28.45,1019,0,0,0,clear
2020.08.12,0.45,42,28.54,1015,0,0,0,clear
2020.08.13,0.45,39,30.37,1011,0,0,3,clear
2020.08.14,1.97,68,27.41,1011,{'1h': 0.67},0,100,rain
2020.08.15,2.33,81,24.62,1015,{'1h': 0.97},0,100,rain
2020.08.16,2.39,49,27.23,1011,0,0,0,clear
2020.08.17,2.68,48,27.6,1007,0,0,33,clouds
2020.08.18,3.13,77,21.67,1007,0,0,100,clouds
2020.08.19,2.24,59,23.89,1009,0,0,14,clouds
2020.08.20,2.7,50,27.04,1009,0,0,47,clouds
2020.08.21,2.6,51,29.04,1014,0,0,7,clear
2020.08.22,4.35,97,18.33,1015,{'1h': 1.19},0,100,rain
2020.08.23,1.79,59,22.59,1013,{'1h': 0.71},0,67,rain
2020.08.24,0.89,71,20.74,1016,{'1h': 0.31},0,69,rain
2020.08.25,1.34,66,20.54,1015,0,0,43,clouds
2020.08.26,1.34,67,20.91,1006,0,0,25,clouds
2020.08.27,2.68,63,17.6,1013,0,0,97,clouds
2020.08.28,1.79,61,22.96,1006,0,0,69,clouds
2020.08.29,0.89,60,20.93,1004,{'1h': 0.18},0,98,rain
2020.08.30,3.58,76,17.04,1005,0,0,100,clouds
2020.08.31,0.45,86,17.74,1014,{'1h': 0.32},0,75,rain
2020.09.01,1.79,78,15.19,1014,0,0,100,clouds
2020.09.02,1.34,61,17.78,1014,0,0,100,clouds
2020.09.03,2.24,47,20.18,1018,0,0,17,clouds
2020.09.04,3.49,78,19.62,1025,0,0,86,clouds
2020.09.05,1.87,92,20.18,1014,{'1h': 0.32},0,97,rain
2020.09.06,0.89,64,18.15,1016,0,0,84,clouds
2020.09.07,2.38,69,17.78,1024,0,0,14,clouds
2020.09.08,0.45,46,21.86,1023,0,0,51,clouds
2020.09.09,1.34,59,24.81,1021,0,0,0,clear
2020.09.10,1.34,64,18.13,1021,0,0,99,clouds
2020.09.11,0.45,54,21.85,1015,0,0,41,clouds
2020.09.12,2.71,66,24.07,1016,0,0,1,clear
2020.09.13,1.34,59,24.45,1024,0,0,67,clouds
2020.09.14,2.71,61,27.21,1028,0,0,77,clouds
2020.09.15,3.13,54,27.78,985,0,0,49,clouds
2020.09.16,1.34,65,26.85,1017,0,0,16,clouds
2020.09.17,4.82,58,17.59,1024,0,0,85,clouds
2020.09.18,0.89,55,18.89,1029,0,0,11,clouds
2020.09.19,0.45,47,19.45,1019,0,0,96,clouds
2020.09.20,0.89,50,21.85,1018,0,0,0,clear
2020.09.21,1.34,52,22.79,980,0,0,0,clear
2020.09.22,0.89,67,23.69,1013,0,0,1,clear
2020.09.23,1.34,68,22.39,1006,{'1h': 0.23},0,98,rain
2020.09.24,2.24,60,21.3,1004,{'1h': 0.22},0,51,rain
2020.09.25,0.89,84,14.08,995,{'1h': 2.73},0,100,rain
2020.09.26,0.89,96,7.41,991,{'1h': 1.59},0,100,rain
2020.09.27,2.71,82,12.77,1003,0,0,98,clouds
2020.09.28,1.87,74,13.71,1009,0,0,89,clouds
2020.09.29,0.45,97,12.39,1017,{'1h': 0.28},0,100,rain
2020.09.30,2.86,81,15.73,1016,0,0,13,clouds
2020.10.01,1.1,72,15.93,1003,0,0,19,clouds
2020.10.02,3.8,75,17.78,997,0,0,64,clouds
2020.10.03,0.89,73,22.0,994,0,0,0,clear
2020.10.04,1.34,54,17.59,997,0,0,8,clear
2020.10.05,0.45,71,12.78,1005,{'1h': 4.18},0,100,rain
2020.10.06,0.89,67,13.9,1003,0,0,76,clouds
2020.10.07,0.45,76,14.43,1007,{'1h': 0.39},0,28,rain
2020.10.08,2.68,45,14.84,1020,0,0,56,clouds
2020.10.09,1.11,92,13.33,1016,0,0,100,clouds
2020.10.10,0.45,94,11.27,1018,{'1h': 0.27},0,100,rain
2020.10.11,0.45,91,9.07,1020,0,0,74,clouds
2020.10.12,1.93,95,8.71,979,{'1h': 0.18},0,97,rain
2020.10.13,1.34,95,6.86,1011,0,0,100,clouds
2020.10.14,6.36,98,7.77,1003,{'1h': 1.42},0,100,rain
2020.10.15,2.13,93,10.56,1011,0,0,100,clouds
2020.10.16,0.45,82,8.36,1018,{'1h': 0.32},0,100,rain
2020.10.17,0.89,84,7.97,1015,0,0,94,clouds
2020.10.18,2.68,86,9.43,1020,0,0,60,clouds
2020.10.19,0.45,73,9.26,1024,0,0,92,clouds
2020.10.20,0.45,84,8.89,1014,0,0,99,clouds
2020.10.21,3.48,88,11.28,1015,0,0,88,clouds
2020.10.22,0.45,79,16.32,1013,0,0,98,clouds
2020.10.23,0.89,98,12.03,1014,0,0,97,clouds
2020.10.24,0.89,70,16.48,1013,0,0,22,clouds
2020.10.25,3.13,85,14.0,1011,0,0,1,clear
2020.10.26,2.53,92,12.41,1003,0,0,100,clouds
2020.10.27,1.79,79,10.17,1008,0,0,99,clouds
2020.10.28,2.29,94,7.95,1015,{'1h': 0.23},0,100,rain
2020.10.29,2.24,86,9.24,1012,0,0,100,clouds
2020.10.30,10.73,99,9.18,1018,{'1h': 0.95},0,100,rain
2020.10.31,4.02,99,11.05,1023,0,0,100,clouds
2020.11.01,9.83,93,8.29,1018,{'1h': 0.31},0,100,rain
2020.11.02,10.73,99,12.76,1014,0,0,100,clouds
2020.11.03,0.89,81,9.49,1023,0,0,90,clouds
2020.11.04,5.36,81,6.13,1030,0,0,40,clouds
2020.11.05,0.89,70,6.13,1037,0,0,0,clear
2020.11.06,0.89,56,7.6,1034,0,0,49,clouds
2020.11.07,8.05,66,10.36,1028,0,0,12,clouds
2020.11.08,2.1,66,8.0,1025,0,0,0,clear
2020.11.09,6.26,61,7.78,1026,0,0,61,clouds
2020.11.10,0.89,87,4.13,1026,0,0,19,clouds
2020.11.11,3.13,99,1.29,1027,0,0,97,clouds
2020.11.12,1.34,94,2.04,1024,0,0,82,clouds
2020.11.13,4.02,99,5.88,1021,0,0,65,clouds
2020.11.14,8.05,99,8.4,1021,0,0,65,clouds
2020.11.15,1.34,96,6.11,1019,0,0,97,clouds
2020.11.16,10.73,99,6.44,1016,0,0,100,clouds
2020.11.17,8.94,87,8.1,1027,0,0,80,clouds
2020.11.18,5.36,81,8.43,1027,0,0,25,clouds
2020.11.19,11.62,93,5.17,1018,0,0,62,clouds
2020.11.20,8.05,92,0.01,1032,0,0,58,clouds
2020.11.21,8.05,80,0.8,1034,0,0,42,clouds
2020.11.22,2.45,90,3.11,1027,0,0,65,clouds
2020.11.23,5.14,97,4.26,1028,0,0,84,clouds
2020.11.24,5.36,70,3.06,1027,0,0,66,clouds
2020.11.25,4.02,99,-2.74,1022,0,0,93,clouds
2020.11.26,2.1,70,2.43,1024,0,0,90,mist
2020.11.27,0.75,96,0.55,1024,0,0,10,clear
2020.11.28,1.67,96,2.02,1025,0,0,0,clear
2020.11.29,6.26,99,-0.95,1025,0,0,89,clouds
2020.11.30,5.36,92,-2.27,1026,0,0,90,clouds
2020.12.01,5.36,92,-3.3,1018,0,0,100,clouds
2020.12.02,10.73,92,-4.46,1019,0,0,87,clouds
2020.12.03,7.15,99,-4.64,1008,0,0,100,clouds
2020.12.04,0.89,95,-0.71,998,0,0,86,clouds
2020.12.05,8.94,99,2.05,1002,0,0,61,clouds
2020.12.06,3.13,86,7.42,1001,0,0,81,clouds
2020.12.07,8.05,99,1.81,1003,0,0,99,clouds
2020.12.08,9.83,99,1.04,1006,0,0,61,clouds
2020.12.09,8.94,99,0.88,1009,0,{'1h': 0.16},99,snow
2020.12.10,0.89,99,2.56,1007,0,0,100,clouds
2020.12.11,8.05,99,-0.75,1002,0,0,99,clouds
2020.12.12,5.36,99,-0.76,1002,0,0,100,clouds
2020.12.13,5.36,99,0.95,1012,0,0,97,clouds
2020.12.14,4.02,99,2.19,1016,0,0,100,clouds
2020.12.15,7.15,99,-0.08,1016,0,0,100,clouds
2020.12.16,7.15,99,1.12,1022,0,0,96,clouds
2020.12.17,6.26,99,-0.42,1024,0,0,91,clouds
2020.12.18,2.24,99,0.18,1027,0,0,38,clouds
2020.12.19,6.26,99,-0.92,1024,0,0,91,clouds
2020.12.20,7.15,99,-1.86,1024,0,0,99,clouds
2020.12.21,3.13,99,-0.57,1025,0,0,43,clouds
2020.12.22,13.86,99,7.33,1013,0,0,98,clouds
2020.12.23,6.26,99,8.07,1013,0,0,100,clouds
2020.12.24,10.73,93,4.4,1006,{'1h': 0.24},0,67,rain
2020.12.25,4.43,96,-1.32,1018,0,0,100,clouds
2020.12.26,4.02,86,-2.45,1023,0,0,36,clouds
2020.12.27,7.42,78,-3.71,1004,0,0,45,clouds
2020.12.28,11.62,99,-2.44,984,0,{'1h': 0.32},100,snow
2020.12.29,6.56,89,1.64,993,0,0,75,clouds
2020.12.30,2.12,85,0.77,1004,0,0,27,clouds
2020.12.31,5.36,92,-0.72,1008,0,0,11,clouds
2021.01.01,6.26,99,-1.11,1009,0,0,99,clouds
2021.01.02,4.02,99,-2.26,1014,0,0,69,clouds
2021.01.03,4.02,99,0.53,1011,0,0,100,clouds
2021.01.04,3.13,99,0.18,1014,0,0,100,clouds
2021.01.05,2.66,96,-1.14,1014,0,0,100,clouds
2021.01.06,4.02,99,-1.51,1011,0,0,100,clouds
2021.01.07,5.36,99,-3.36,1012,0,0,100,clouds
2021.01.08,6.26,99,-2.29,1013,0,0,98,clouds
2021.01.09,4.02,99,-3.03,1021,0,0,84,clouds
2021.01.10,2.24,99,-2.95,1025,0,0,94,clouds
2021.01.11,8.94,99,-3.38,1021,0,0,100,clouds
2021.01.12,11.62,99,-1.91,1004,0,{'1h': 0.11},100,snow
2021.01.13,9.83,92,-1.53,1011,0,0,99,clouds
2021.01.14,9.83,99,-2.26,1016,0,0,62,clouds
2021.01.15,7.15,99,-3.38,1022,0,{'1h': 0.37},100,snow
2021.01.16,6.26,92,-7.25,1023,0,0,99,clouds
2021.01.17,0.89,99,-5.21,1020,0,0,39,clouds
2021.01.18,8.94,99,-1.57,1021,0,{'1h': 0.49},85,snow
2021.01.19,12.96,99,-2.03,1012,0,{'1h': 0.14},100,snow
2021.01.20,8.94,86,3.22,1008,0,0,87,clouds
2021.01.21,11.62,80,-0.42,1003,0,0,67,clouds
2021.01.22,7.6,80,2.78,995,0,0,91,clouds
2021.01.23,10.73,92,-1.52,996,0,{'1h': 0.27},100,snow
2021.01.24,11.62,99,-1.69,995,0,{'1h': 0.1},100,clouds
2021.01.25,0.89,86,-1.13,1004,0,0,100,clouds
2021.01.26,5.36,99,-3.17,1012,0,{'1h': 0.68},100,snow
2021.01.27,3.13,86,-0.72,1015,0,0,100,clouds
2021.01.28,8.94,99,-0.08,1004,0,0,100,clouds
2021.01.29,10.73,99,-3.35,995,0,{'1h': 0.42},100,snow
2021.01.30,8.94,99,-4.31,1003,0,0,82,clouds
2021.01.31,4.02,85,-4.25,1007,0,0,28,clouds
2021.02.01,10.73,79,-4.45,1000,0,0,78,clouds
2021.02.02,8.94,99,0.34,1006,0,0,100,clouds
2021.02.03,8.94,99,4.62,1003,{'1h': 1.46},0,98,rain
2021.02.04,7.15,99,3.45,1015,0,0,97,clouds
2021.02.05,7.15,100,0.35,1017,0,0,100,clouds
2021.02.06,9.83,99,-1.54,1015,0,{'1h': 0.37},100,snow
2021.02.07,9.83,99,-6.53,1005,0,0,100,clouds
2021.02.08,2.24,92,-10.69,1001,0,0,100,clouds
2021.02.09,0.89,99,-10.52,1005,0,{'1h': 0.27},100,snow
2021.02.10,6.26,92,-12.36,1010,0,0,100,clouds
2021.02.11,4.02,92,-8.21,1027,0,0,75,clouds
2021.02.12,4.02,99,-8.68,1034,0,0,30,clouds
2021.02.13,3.13,99,-7.25,1040,0,0,69,clouds
2021.02.14,4.02,85,-4.76,1043,0,0,0,clear
2021.02.15,2.72,73,-4.04,1031,0,0,83,clouds
2021.02.16,7.15,99,-0.71,1022,0,0,99,clouds
2021.02.17,14.75,86,4.03,1018,0,0,81,clouds
2021.02.18,0.89,78,6.71,1016,0,0,89,clouds
2021.02.19,2.24,60,5.45,1021,0,0,99,clouds
2021.02.20,6.17,50,8.1,1020,0,0,0,clear
2021.02.21,0.89,84,3.06,1020,0,0,91,clouds
2021.02.22,3.13,99,0.61,1024,0,0,81,clouds
2021.02.23,0.89,69,12.77,1031,0,0,78,clouds
2021.02.24,1.97,64,15.54,1035,0,0,0,clear
2021.02.25,2.17,62,13.91,1025,0,0,0,clear
2021.02.26,5.36,87,6.83,1028,0,0,74,clouds
2021.02.27,3.99,96,3.33,1038,0,0,90,clouds
2021.02.28,2.24,65,4.66,1036,0,0,20,clouds
2021.03.01,1.2,65,7.26,1036,0,0,9,clear
2021.03.02,1.34,71,9.68,1031,0,0,0,clear
2021.03.03,6.26,60,6.58,1028,0,0,4,clear
2021.03.04,5.36,75,7.06,1017,0,0,53,clouds
2021.03.05,8.94,99,-2.41,1024,0,0,69,clouds
2021.03.06,3.13,55,0.6,1032,0,0,0,clear
2021.03.07,1.79,69,1.31,1020,0,0,10,clear
2021.03.08,3.13,63,-0.13,1022,0,0,75,clouds
2021.03.09,5.36,59,-0.16,1020,0,0,100,clouds
2021.03.10,2.46,61,3.02,1021,0,0,54,clouds
2021.03.11,4.02,84,7.22,965,0,0,100,clouds
2021.03.12,6.98,70,4.64,1010,0,0,75,clouds
2021.03.13,1.79,78,5.71,1001,0,0,100,clouds
2021.03.14,11.62,69,3.3,1007,0,0,57,clouds
2021.03.15,5.36,69,3.32,1008,0,0,99,clouds
2021.03.16,7.14,96,0.5,1017,0,0,94,clouds
2021.03.17,7.15,99,-0.38,1021,0,{'1h': 0.23},99,snow
2021.03.18,4.02,64,1.02,1021,0,0,97,clouds
2021.03.19,5.36,92,-0.34,1020,0,{'1h': 0.34},100,snow
2021.03.20,3.13,68,-3.67,1027,0,{'1h': 0.1},90,clouds
2021.03.21,13.86,99,0.67,1014,0,0,96,clouds
2021.03.22,6.26,69,1.74,1019,0,0,61,clouds
2021.03.23,3.98,88,3.71,1022,0,0,98,clouds
2021.03.24,2.24,65,6.11,1023,0,0,5,clear
2021.03.25,2.24,62,10.42,1020,0,0,99,clouds
2021.03.26,7.15,50,11.81,1019,0,0,27,clouds
2021.03.27,7.15,81,5.97,1020,0,0,94,clouds
2021.03.28,6.26,65,5.38,1029,0,0,100,clouds
2021.03.29,4.02,43,12.78,1030,0,0,100,clouds
2021.03.30,2.24,31,16.85,1030,0,0,15,clouds
2021.03.31,2.24,37,18.2,1024,0,0,76,clouds
2021.04.01,5.36,41,15.39,1015,0,0,92,clouds
2021.04.02,4.2,97,3.32,1019,0,0,99,clouds
2021.04.03,6.37,78,3.19,1021,{'1h': 0.27},0,94,rain
2021.04.04,4.02,52,4.68,1021,0,0,9,clear
2021.04.05,11.62,65,4.84,999,{'1h': 0.33},0,100,rain
2021.04.06,3.13,72,2.02,1004,0,0,95,clouds
2021.04.07,3.13,52,2.41,1012,0,0,99,clouds
2021.04.08,6.21,76,1.1,1024,0,0,89,clouds
2021.04.09,5.36,45,9.21,1016,0,0,94,clouds
2021.04.10,4.02,70,8.18,1016,0,0,100,clouds
2021.04.11,8.94,47,12.3,1011,0,0,92,clouds
2021.04.12,10.73,92,-0.56,1024,0,{'1h': 0.15},100,snow
2021.04.13,6.26,64,2.27,1028,0,0,99,clouds
2021.04.14,6.26,59,2.02,1026,0,0,100,clouds
2021.04.15,8.94,74,0.54,1026,0,{'1h': 0.15},100,snow
2021.04.16,7.15,92,0.45,1024,0,0,100,clouds
2021.04.17,3.13,92,0.55,1021,0,0,100,clouds
2021.04.18,2.24,86,6.13,1019,0,0,100,clouds
2021.04.19,3.13,65,8.67,1018,0,0,99,clouds
2021.04.20,0.89,66,10.86,1014,0,0,42,clouds
2021.04.21,7.15,46,12.23,1013,0,0,10,clear
2021.04.22,2.68,39,5.82,1020,0,0,58,clouds
2021.04.23,6.23,73,7.21,1027,0,0,58,clouds
2021.04.24,4.02,56,7.23,1024,0,0,100,clouds
2021.04.25,4.02,45,7.22,1022,0,0,88,clouds
2021.04.26,3.13,35,6.72,1019,0,0,3,clear
2021.04.27,4.44,46,9.52,1014,0,0,10,clear
2021.04.28,5.36,50,11.32,1008,0,0,83,clouds
2021.04.29,9.83,62,13.19,1004,0,0,100,clouds
2021.04.30,2.24,43,10.62,1011,0,0,91,clouds
2021.05.01,2.24,81,9.4,1012,0,0,97,clouds
2021.05.02,10.73,99,4.41,1012,0,0,100,clouds
2021.05.03,6.22,66,7.02,1021,0,0,79,clouds
2021.05.04,0.45,66,13.32,1002,0,0,100,clouds
2021.05.05,9.83,34,10.11,1002,0,0,100,clouds
2021.05.06,0.89,58,9.45,1007,0,0,100,clouds
2021.05.07,4.02,75,6.48,1010,0,0,95,clouds
2021.05.08,1.79,39,12.23,1018,0,0,82,clouds
2021.05.09,3.97,55,20.19,1015,0,0,76,clouds
2021.05.10,2.89,51,24.76,1010,0,0,57,clouds
2021.05.11,3.45,54,24.44,1004,0,0,45,clouds
2021.05.12,4.02,93,12.97,1006,0,0,100,clouds
2021.05.13,5.34,96,10.93,1004,0,0,100,clouds
2021.05.14,0.89,75,13.06,1005,0,0,100,clouds
2021.05.15,4.3,73,14.65,1008,0,0,96,clouds
2021.05.17,5.36,87,11.31,1006,0,0,99,clouds
2021.05.18,5.16,52,15.7,1011,0,0,53,clouds
2021.05.19,3.98,77,13.47,1015,0,0,99,clouds
2021.05.20,4.55,64,13.89,1019,0,0,73,clouds
2021.05.21,9.83,66,13.13,1009,0,0,100,clouds
2021.05.22,6.43,37,16.99,1008,0,0,52,clouds
2021.05.23,6.23,69,13.48,1016,0,0,99,clouds
2021.05.24,5.83,49,19.13,1014,0,0,91,clouds
2021.05.25,7.23,50,13.99,1016,{'1h': 0.37},0,98,rain
2021.05.26,7.66,71,13.39,1014,0,0,95,clouds
2021.05.27,4.73,71,13.8,1015,0,0,100,clouds
2021.05.28,4.58,76,12.8,1021,0,0,81,clouds
2021.05.29,5.82,66,14.89,1023,0,0,63,clouds
2021.05.30,3.68,62,14.45,1025,0,0,52,clouds
2021.05.31,3.3,51,18.83,1022,0,0,95,clouds
2021.06.01,1.6,46,21.21,1018,0,0,100,clouds
2021.06.02,3.91,48,22.53,1019,0,0,79,clouds
2021.06.03,2.49,50,24.18,1023,0,0,100,clouds
2021.06.04,0.51,77,26.72,1022,0,0,99,clouds
2021.06.05,2.47,64,24.5,1017,0,0,82,clouds
2021.06.06,1.7,45,24.37,1018,0,0,53,clouds
2021.06.07,3.44,52,25.64,1019,0,0,71,clouds
2021.06.08,4.29,55,25.03,1020,0,0,5,clear
2021.06.09,3.48,49,23.5,1020,0,0,99,clouds
2021.06.10,1.93,64,22.96,1019,{'1h': 0.49},0,68,rain
2021.06.11,3.16,60,25.59,1017,0,0,37,clouds
2021.06.12,6.54,65,23.82,1014,0,0,100,clouds
2021.06.13,6.62,64,14.71,1025,0,0,68,clouds
2021.06.14,0.35,43,23.4,1021,0,0,1,clear
2021.06.15,1.79,53,26.98,1018,0,0,100,clouds
2021.06.16,2.26,52,27.01,1017,0,0,100,clouds
2021.06.17,8.05,39,25.66,1016,0,0,14,clouds
2021.06.18,5.51,45,31.28,1015,0,0,7,clear
2021.06.19,1.9,42,32.9,1014,0,0,15,clouds
2021.06.20,1.43,41,32.97,1010,0,0,73,clouds
2021.06.21,2.76,47,31.05,1007,0,0,70,clouds
2021.06.22,2.33,93,18.3,1014,0,0,100,clouds
2021.06.23,2.7,75,19.21,1019,0,0,100,clouds
2021.06.24,2.32,91,21.27,1018,0,0,100,clouds
2021.06.25,1.65,99,18.25,1017,0,0,100,clouds
2021.06.26,1.39,58,22.26,1018,0,0,32,clouds
2021.06.27,0.96,56,24.72,1017,0,0,88,clouds
2021.06.28,2.13,50,27.04,1016,0,0,60,clouds
2021.06.29,1.26,69,27.32,1010,0,0,74,clouds
2021.06.30,5.1,59,21.57,1010,0,0,82,clouds
2021.07.01,4.42,70,18.95,1013,0,0,92,clouds
2021.07.02,1.18,99,16.63,1017,0,0,100,clouds
2021.07.03,2,63,22.09,1015,0,0,33,clouds
2021.07.04,2.37,45,25.26,1010,0,0,70,clouds
2021.07.05,2.96,68,22.52,1011,0,0,98,clouds
2021.07.06,3.13,57,28.46,1011,0,0,14,clouds
2021.07.07,1.84,82,19.18,1019,0,0,100,clouds
2021.07.08,3.8,77,23.53,1017,0,0,69,clouds
2021.07.09,3.27,77,23.29,1015,0,0,86,clouds
2021.07.10,1.99,50,23.09,1018,0,0,37,clouds
2021.07.11,0.46,64,25.25,1016,0,0,95,clouds
2021.07.12,2.82,53,23.39,1012,0,0,43,clouds
2021.07.13,4.69,74,29.33,1007,0,0,36,clouds
2021.07.14,3.01,69,22.24,1011,0,0,83,clouds
2021.07.15,1.53,68,24.27,1013,0,0,76,clouds
2021.07.16,2.83,73,26.03,1016,0,0,23,clouds
2021.07.17,2.33,99,20.48,1018,0,0,100,clouds
2021.07.18,5.67,56,24.34,1018,0,0,33,clouds
2021.07.19,4.5,72,19.53,1019,0,0,93,clouds
2021.07.20,2.92,56,19.4,1019,0,0,88,clouds
2021.07.21,2.68,59,20.78,1023,0,0,79,clouds
2021.07.22,0.6,54,23.19,1021,0,0,61,clouds
2021.07.23,1.31,50,26.23,1016,0,0,52,clouds
2021.07.24,3.29,50,28.27,1012,0,0,41,clouds
2021.07.25,2.04,57,27.94,1010,0,0,44,clouds
2021.07.26,1.14,46,27.86,1011,0,0,99,clouds
2021.07.27,4.41,43,26.9,1013,0,0,31,clouds
2021.07.28,2.47,68,23.55,1013,0,0,97,clouds
2021.07.29,5.01,64,23.75,1013,0,0,43,clouds
2021.07.30,3.36,47,25.73,1010,0,0,16,clouds
2021.07.31,6.14,47,25.73,1008,0,0,4,clear
2021.08.01,0.73,93,16.91,1009,0,0,100,clouds
2021.08.02,4.19,68,18.55,1013,0,0,81,clouds
2021.08.03,2.19,57,21.1,1013,0,0,58,clouds
2021.08.04,1.56,93,19.34,1013,0,0,87,clouds
2021.08.05,1.3,73,19.1,1009,0,0,100,clouds
2021.08.06,2.52,82,21.18,1006,0,0,16,clouds
2021.08.07,3.61,47,24.59,1006,0,0,94,clouds
2021.08.08,4.9,42,23.8,1012,0,0,50,clouds
2021.08.09,3.01,51,22.96,1019,0,0,83,clouds
2021.08.10,2.99,55,22.92,1017,0,0,92,clouds
2021.08.11,3.14,51,23.16,1019,0,0,62,clouds
2021.08.12,2,45,25.76,1021,0,0,76,clouds
2021.08.13,2.3,47,29.24,1020,0,0,48,clouds
2021.08.14,2.13,44,27.88,1019,0,0,21,clouds
2021.08.15,2.17,38,27.73,1014,0,0,29,clouds
2021.08.16,7.11,45,25.18,1008,0,0,44,clouds
2021.08.17,8.21,49,17.15,1015,0,0,74,clouds
2021.08.18,6.15,59,19.08,1014,{'1h': 0.23},0,91,rain
2021.08.19,4.68,60,20.61,1014,0,0,100,clouds
2021.08.20,1.64,69,21.5,1016,0,0,98,clouds
2021.08.21,1.42,43,24.49,1019,0,0,10,clear
2021.08.22,1.07,60,21.86,1016,0,0,94,clouds
2021.08.23,1.33,88,17.45,1017,0,0,97,clouds
2021.08.24,4.57,80,15.9,1025,0,0,99,clouds
2021.08.25,3.44,46,19.84,1018,0,0,4,clear
2021.08.26,6.12,62,16.73,1008,0,0,67,clouds
2021.08.27,3,84,13.49,1012,{'1h': 2.37},0,99,rain
2021.08.28,1.54,79,15.41,1015,0,0,99,clouds
2021.08.29,3.06,71,18.37,1014,{'1h': 0.1},0,94,clouds
2021.08.30,2.14,56,18.46,1013,0,0,93,clouds
2021.08.31,3.91,92,15.7,1018,0,0,100,clouds
2021.09.01,5.69,60,19.64,1024,0,0,65,clouds
2021.09.02,3.05,51,21.8,1026,0,0,17,clouds
2021.09.03,2.35,47,23.11,1020,0,0,1,clear
2021.09.04,1.54,45,23.91,1017,0,0,3,clear
2021.09.05,2.48,47,23.2,1022,0,0,1,clear
2021.09.06,1.71,46,23.21,1023,0,0,12,clouds
2021.09.07,1.64,53,21.89,1024,0,0,94,clouds
2021.09.08,4.67,34,24.75,1020,0,0,46,clouds
2021.09.09,3.39,40,25.37,1014,0,0,4,clear
2021.09.10,2.11,53,25.51,1015,0,0,10,clear
2021.09.11,3.1,62,21.74,1016,{'1h': 0.87},0,64,rain
2021.09.12,2.36,57,22.36,1016,0,0,83,clouds
2021.09.13,1.59,59,21.94,1018,0,0,52,clouds
2021.09.14,1.67,53,23.99,1017,0,0,64,clouds
2021.09.15,2.21,58,23.73,1014,{'1h': 0.6},0,100,rain
2021.09.16,1.97,83,18.32,1014,0,0,99,clouds
2021.09.17,3.6,78,16.12,1014,0,0,96,clouds
2021.09.18,4.96,68,14.67,1015,0,0,60,clouds
2021.09.19,2.69,65,12.88,1017,0,0,100,clouds
2021.09.20,1.87,55,13.55,1021,0,0,100,clouds
2021.09.21,3.42,48,15.02,1027,0,0,99,clouds
2021.09.23,5.22,43,21.58,1016,0,0,82,clouds
2021.09.24,6.78,57,16.65,1015,0,0,74,clouds
2021.09.25,2.06,63,21.58,1017,0,0,6,clear
2021.09.26,2.53,64,23.01,1018,0,0,53,clouds
2021.09.27,1.68,67,21.28,1017,0,0,100,clouds
2021.09.28,2.94,93,15.44,1023,0,0,99,clouds
2021.09.29,1.84,99,16.72,1018,0,0,100,clouds
2021.09.30,4.01,42,14.8,1027,0,0,11,clouds
2021.10.01,3.85,66,16.75,1022,0,0,83,clouds
2021.10.02,3.41,67,18.7,1016,0,0,97,clouds
2021.10.03,5.3,48,19.74,1011,0,0,89,clouds
2021.10.04,3.35,87,17.21,1018,0,0,87,clouds
2021.10.05,4.22,75,16.37,1008,0,0,100,clouds
2021.10.06,3.23,81,13.85,1018,0,0,100,clouds
2021.10.07,3.93,58,15.17,1026,0,0,62,clouds
2021.10.08,4.14,58,15.57,1029,0,0,23,clouds
2021.10.09,3.73,43,13.6,1031,0,0,0,clear
2021.10.10,1.98,49,12.69,1027,0,0,0,clear
2021.10.11,4.18,76,12.23,1022,0,0,100,clouds
2021.10.12,5.75,93,9.56,1015,{'1h': 0.13},0,71,rain
2021.10.13,4.93,70,9.43,1022,0,0,96,clouds
2021.10.14,2.39,99,10.26,1022,0,0,100,clouds
2021.10.15,5.68,57,14.65,1014,0,0,83,clouds
2021.10.16,1.04,54,11.43,1021,0,0,41,clouds
2021.10.17,2.98,70,11.14,1020,0,0,80,clouds
2021.10.18,2.66,62,15.06,1025,0,0,77,clouds
2021.10.19,2.08,76,15.37,1023,0,0,100,clouds
2021.10.20,5.46,55,20.34,1011,0,0,56,clouds
2021.10.21,13.26,76,12.2,1003,{'1h': 0.24},0,93,rain
2021.10.22,8.21,48,10.41,1013,0,0,31,clouds
2021.10.23,6.03,58,9.61,1026,0,0,38,clouds
2021.10.24,3.83,75,9.62,1029,0,0,11,clouds
2021.10.25,2.71,75,9.44,1023,0,0,66,clouds
2021.10.26,2.93,76,12.23,1021,0,0,71,clouds
2021.10.27,1.7,87,13.14,1025,0,0,83,clouds
2021.10.28,4.12,49,15.05,1022,0,0,17,clouds
2021.10.29,3.63,42,13.4,1015,0,0,72,clouds
2021.10.30,6.06,47,13.43,1009,0,0,18,clouds
2021.10.31,3.52,54,14.9,1012,0,0,88,clouds
2021.11.01,0.87,88,10.36,1006,0,0,98,clouds
2021.11.02,2.74,99,10.56,1001,0,0,98,clouds
2021.11.03,3.1,93,9.91,1003,0,0,78,clouds
2021.11.04,6.17,99,6.36,999,0,0,100,clouds
2021.11.05,2.05,99,6.42,1021,{'1h': 0.36},0,100,rain
2021.11.06,3.37,75,10.27,1028,0,0,22,clouds
2021.11.07,4.59,80,7.94,1015,{'1h': 0.13},0,98,rain
2021.11.08,3.22,67,9.91,1021,0,0,88,clouds
2021.11.09,2.66,63,9.95,1030,0,0,92,clouds
2021.11.10,2.64,71,8.42,1026,0,0,83,clouds
2021.11.11,1.25,68,8.3,1024,0,0,28,clouds
2021.11.12,2.22,66,7.87,1021,0,0,0,clear
2021.11.13,1.89,99,6.21,1017,0,0,100,clouds
2021.11.14,1.05,72,8.67,1023,0,0,53,clouds
2021.11.15,1.69,60,6.82,1026,0,0,1,clear
2021.11.16,4.59,74,8.46,1023,0,0,73,clouds
2021.11.17,1.7,78,6.38,1021,0,0,100,clouds
2021.11.18,4.89,70,8.71,1027,0,0,100,clouds
2021.11.19,5.04,78,9.96,1026,0,0,100,clouds
2021.11.20,3.6,73,10.11,1023,0,0,97,clouds
2021.11.21,1.74,71,6.85,1010,0,0,19,clouds
2021.11.22,4.35,99,4.83,1022,0,0,100,clouds
2021.11.23,1.5,93,4.98,1027,0,0,45,clouds
2021.11.24,1.09,62,6.51,1023,0,0,44,clouds
2021.11.25,1.99,72,2.39,1010,0,0,62,clouds
2021.11.26,1.48,76,3.99,1000,0,0,99,clouds
2021.11.27,2.26,67,4.11,994,0,0,51,clouds
2021.11.28,0.82,88,1.42,997,0,{'1h': 0.12},100,snow
2021.11.29,4.29,73,2.97,1003,0,0,88,clouds
2021.11.30,9.55,85,3.28,1000,{'1h': 0.18},0,100,rain
2021.12.01,5.15,84,6.63,997,0,0,100,clouds
2021.12.02,3.93,60,4.97,999,0,0,51,clouds
2021.12.03,4.37,45,2.66,1012,0,0,16,clouds
2021.12.04,2.97,99,0.83,1002,0,0,98,clouds
2021.12.05,2.22,92,3.67,1005,0,0,96,clouds
2021.12.06,2.74,79,0.85,1015,0,0,99,clouds
2021.12.07,2.3,89,1.36,1013,0,0,99,clouds
2021.12.08,3.59,79,1.27,1006,0,{'1h': 0.21},100,snow
2021.12.09,1.35,99,1.43,1006,0,{'1h': 0.15},100,snow
2021.12.10,1.85,99,2.34,999,0,0,100,clouds
2021.12.11,1.18,99,0.7,1015,0,0,35,clouds
2021.12.12,1.52,99,2.87,1027,0,0,99,clouds
2021.12.13,1.01,100,5.99,1028,0,0,100,clouds
2021.12.14,0.7,95,6.06,1027,0,0,100,clouds
2021.12.15,1.37,88,7.9,1031,0,0,90,clouds
2021.12.16,2.68,99,7.35,1034,0,0,100,clouds
2021.12.17,3.91,99,4.62,1037,0,0,87,clouds
2021.12.18,1.48,99,5.46,1035,0,0,69,clouds
2021.12.19,7.87,81,6.14,1020,0,0,77,clouds
2021.12.20,4.61,81,1.67,1025,0,0,90,clouds
2021.12.21,2.35,92,0.94,1026,0,0,83,clouds
2021.12.22,2.08,69,1.52,1028,0,0,20,clouds
2021.12.23,3.15,80,-1.65,1015,0,{'1h': 0.22},100,snow
2021.12.24,7.2,99,8.58,1001,0,0,100,clouds
2021.12.25,2.26,57,-2.76,1012,0,{'1h': 0.18},100,snow
2021.12.26,2.07,53,-2.88,1015,0,0,3,clear
2021.12.27,2.14,92,0.05,1010,0,0,98,clouds
2021.12.28,3.11,89,1.78,1005,0,0,100,clouds
2021.12.29,0.89,99,5.44,1008,0,0,93,clouds
2021.12.30,1.89,99,11.34,1016,0,0,100,clouds
2021.12.31,3.86,87,14.3,1019,0,0,36,clouds
2022.01.01,4.33,78,12.71,1025,0,0,95,clouds
2022.01.02,1.91,87,9.93,1017,{'1h': 0.36},0,100,rain
2022.01.03,6.03,64,10.44,1012,0,0,34,clouds
2022.01.04,3.34,99,9.05,995,{'1h': 0.17},0,100,rain
2022.01.05,5.7,68,3.18,1003,0,0,100,clouds
2022.01.06,5.13,66,2.17,1017,0,0,27,clouds
2022.01.07,5.24,73,1.8,1017,0,0,100,clouds
2022.01.08,1.67,99,1.21,1011,0,{'1h': 0.65},99,snow
2022.01.09,2.22,94,2.35,1001,0,0,100,clouds
2022.01.10,1.78,99,3.85,1020,0,0,100,clouds
2022.01.11,0.18,75,-0.48,1035,0,0,10,clear
2022.01.12,0.8,77,2.3,1038,0,0,90,clouds
2022.01.13,2.39,82,6.07,1037,0,0,78,clouds
2022.01.14,4.74,78,3.92,1030,0,0,3,clear
2022.01.15,0.96,71,4.37,1030,0,0,61,clouds
2022.01.16,1.5,71,2.64,1022,0,0,100,clouds
2022.01.17,10.36,88,5.06,1021,0,0,99,clouds
2022.01.18,3.5,77,3.44,1037,0,0,100,clouds
2022.01.19,2.88,79,3.41,1025,0,0,78,clouds
2022.01.20,8.24,70,1.51,1017,0,0,49,clouds
2022.01.21,6.91,77,0.77,1025,0,{'1h': 0.13},43,snow
2022.01.22,4.85,79,3.19,1029,0,0,85,clouds
2022.01.23,2.11,95,4.72,1033,0,0,99,clouds
2022.01.24,0.64,97,5.43,1035,0,0,100,clouds
2022.01.25,3.1,74,3.66,1032,0,0,100,clouds
2022.01.26,3.65,70,1.59,1030,0,0,94,clouds
2022.01.27,5.25,71,3.2,1019,0,0,100,clouds
2022.01.28,9.36,70,4.19,1025,0,0,73,clouds
2022.01.29,5.09,91,4.54,1020,0,0,100,clouds
2022.01.30,10.8,76,4.91,1018,0,0,91,clouds
2022.01.31,3.04,98,2.85,1003,{'1h': 0.26},0,100,rain
2022.02.01,6.5,77,2.77,1012,0,0,97,clouds
2022.02.02,9.55,81,5.48,1010,0,0,97,clouds
2022.02.03,2.04,97,5.23,1019,0,0,100,clouds
2022.02.04,4.53,72,6.77,1013,0,0,100,clouds
2022.02.05,7.49,65,6.34,1020,0,0,62,clouds
2022.02.06,7.9,77,7.58,1007,0,0,100,clouds
2022.02.07,9.47,77,5.16,1014,0,0,88,clouds
2022.02.08,5.69,81,6.63,1025,0,0,99,clouds
2022.02.09,5.14,67,8.66,1026,0,0,73,clouds
2022.02.10,4.53,62,11.54,1018,0,0,55,clouds
2022.02.11,7.01,67,3.9,1024,0,0,91,clouds
2022.02.12,2.78,67,4.6,1033,0,0,11,clouds
2022.02.13,4.31,50,6.55,1020,0,0,64,clouds
2022.02.14,3.65,49,6.65,1011,0,0,4,clear
2022.02.15,2.01,70,8.84,1013,0,0,98,clouds
2022.02.16,5.91,85,8.48,1004,{'1h': 0.29},0,100,rain
2022.02.17,11.82,61,8.96,999,0,0,69,clouds
2022.02.18,4.44,81,8.73,1007,{'1h': 0.63},0,96,rain
2022.02.19,9.57,51,7.54,1013,0,0,7,clear
2022.02.20,6.98,76,8.31,1011,{'1h': 0.24},0,100,rain
2022.02.21,8.5,53,7.09,1001,0,0,31,clouds
2022.02.22,7.78,58,6.05,1017,0,0,88,clouds
2022.02.23,7.05,52,9.55,1025,0,0,46,clouds
2022.02.24,3.07,58,9.75,1015,0,0,89,clouds
2022.02.25,6.17,43,6.8,1020,0,0,7,clear
2022.02.26,2.87,82,5.27,1032,0,0,98,clouds
2022.02.27,2.03,47,6.92,1035,0,0,11,clouds
2022.02.28,3.04,36,5.25,1034,0,0,6,clear
2022.03.01,2.58,36,6.3,1032,0,0,0,clear
2022.03.02,0.22,38,6.38,1025,0,0,100,clouds
2022.03.03,3.45,41,6.77,1019,0,0,6,clear
2022.03.04,2.84,69,2.18,1022,0,0,96,clouds
2022.03.05,2.73,44,4.57,1023,0,0,77,clouds
2022.03.06,3.28,43,1.56,1023,0,0,85,clouds
2022.03.07,3.81,61,4.87,1026,0,0,89,clouds
2022.03.08,2.3,39,7.31,1025,0,0,4,clear
2022.03.09,1.87,48,10.08,1026,0,0,1,clear
2022.03.10,2.88,53,10.06,1030,0,0,2,clear
2022.03.11,8.29,28,5.74,1029,0,0,1,clear
2022.03.12,6.33,22,8.32,1026,0,0,0,clear
2022.03.13,6.01,27,10.84,1022,0,0,0,clear
2022.03.14,3.05,41,11.1,1028,0,0,30,clouds
2022.03.15,2.25,61,12.15,1027,0,0,100,clouds
2022.03.16,2.6,60,10.92,1028,0,0,68,clouds
2022.03.17,4.31,46,13.37,1029,0,0,66,clouds
2022.03.18,3.94,53,11.37,1040,0,0,80,clouds
2022.03.19,5.7,34,8.53,1039,0,0,80,clouds
2022.03.20,8.3,33,8.36,1037,0,0,0,clear
2022.03.21,5.73,27,12.27,1036,0,0,0,clear
2022.03.22,4.01,31,15.2,1034,0,0,0,clear
2022.03.23,1.18,29,18.19,1030,0,0,0,clear
2022.03.24,2.77,36,17.13,1028,0,0,0,clear
2022.03.25,3.37,32,15.7,1028,0,0,0,clear
2022.03.26,5.26,44,16.79,1028,0,0,3,clear
2022.03.27,1.22,49,16.02,1029,0,0,37,clouds
2022.03.28,2.66,45,18.57,1019,0,0,0,clear
2022.03.29,3.37,56,9.51,1010,0,0,100,clouds
2022.03.30,0.86,87,7.67,1003,0,0,100,clouds
2022.03.31,1.84,93,3.8,1001,0,0,100,clouds
2022.04.01,7.39,69,3.55,1002,{'1h': 0.13},0,100,rain
2022.04.02,6.85,46,5.82,1010,0,0,100,clouds
2022.04.03,4.08,49,4.54,1019,0,0,97,clouds
2022.04.04,7.05,45,8.51,1011,0,0,94,clouds
2022.04.06,6.62,58,14.24,1003,0,0,87,clouds
2022.04.07,9,57,15.43,991,{'1h': 0.19},0,100,rain
2022.04.08,5.37,44,10.87,998,0,0,100,clouds
2022.04.09,8.11,64,7.91,1008,{'1h': 1.46},0,89,rain
2022.04.10,6.36,48,6.8,1018,{'1h': 0.15},0,63,rain
2022.04.11,1.98,39,11.18,1020,0,0,78,clouds
2022.04.12,3.4,42,14.78,1018,0,0,100,clouds
2022.04.13,3.75,49,18.49,1018,0,0,56,clouds
2022.04.14,2.21,54,20.16,1018,0,0,62,clouds
2022.04.15,4.43,81,9.07,1024,0,0,94,clouds
2022.04.16,5.72,42,9.21,1032,0,0,49,clouds
2022.04.17,4.09,44,12.4,1028,0,0,88,clouds
2022.04.18,4.15,48,13.88,1018,0,0,70,clouds
2022.04.19,5.8,49,9.77,1013,{'1h': 0.24},0,57,rain
2022.04.20,4.8,56,7.96,1013,{'1h': 0.13},0,97,rain
2022.04.21,2.25,72,9.24,1012,0,0,100,clouds
2022.04.22,4.86,60,14.45,1006,0,0,34,clouds
2022.04.23,4.38,39,16.6,1008,0,0,9,clear
2022.04.24,4.41,87,10.76,1001,{'1h': 2.11},0,100,rain
2022.04.25,4.54,67,10.7,1010,0,0,99,clouds
2022.04.26,1.86,48,15.73,1015,0,0,48,clouds
2022.04.27,2.48,45,14.79,1023,0,0,61,clouds
2022.04.28,3.56,47,17.02,1027,0,0,71,clouds
2022.04.29,1.12,42,16.99,1026,0,0,89,clouds
2022.04.30,2.36,43,18.24,1021,0,0,100,clouds
2022.05.01,2.93,42,18.87,1019,0,0,100,clouds
2022.05.02,1.87,52,19.51,1016,0,0,46,clouds
2022.05.03,2.69,53,19.26,1015,0,0,54,clouds
2022.05.04,1.33,49,21.17,1016,0,0,88,clouds
2022.05.05,3.78,70,19.22,1019,0,0,87,clouds
2022.05.06,3.15,50,18.39,1022,0,0,100,clouds
2022.05.07,0.84,41,20.73,1021,0,0,34,clouds
2022.05.08,3.99,68,19.46,1023,0,0,60,clouds
2022.05.09,1.74,46,20.83,1025,0,0,13,clouds
2022.05.10,2.26,44,23.8,1019,0,0,41,clouds
2022.05.11,4.96,42,26.54,1013,0,0,98,clouds
2022.05.12,6.37,50,21.01,1017,0,0,62,clouds
2022.05.13,6.55,42,21.92,1016,0,0,51,clouds
2022.05.14,5.37,46,20.96,1019,0,0,91,clouds
2022.05.15,1.56,45,21.19,1020,0,0,1,clear
2022.05.16,2.49,53,25.63,1018,0,0,58,clouds
2022.05.17,3.29,80,16.13,1020,0,0,93,clouds
2022.05.18,3.75,52,21.85,1026,0,0,77,clouds
2022.05.19,4.02,37,24.53,1023,0,0,53,clouds
2022.05.20,3.24,61,25.65,1019,0,0,94,clouds
2022.05.21,7.04,52,18.95,1018,0,0,38,clouds
2022.05.22,4.06,45,19.77,1015,0,0,83,clouds
2022.05.23,4.94,52,21.19,1009,0,0,100,clouds
2022.05.24,5.89,83,20.89,1007,{'1h': 0.17},0,98,rain
2022.05.25,3.02,65,17.7,1015,0,0,100,clouds
2022.05.26,5.93,56,19.64,1019,0,0,71,clouds
2022.05.27,4.99,89,13.82,1017,{'1h': 0.55},0,100,rain
2022.05.28,8.26,46,15.31,1015,0,0,45,clouds
2022.05.29,0.6,45,15.71,1011,0,0,48,clouds
2022.05.30,2.61,56,15.39,1012,{'1h': 0.33},0,32,rain
2022.05.31,3.32,40,20.66,1013,0,0,29,clouds
2022.06.01,4.58,38,20.17,1013,0,0,57,clouds
2022.06.02,3.17,38,19.11,1020,0,0,3,clear
2022.06.03,3.55,46,25.28,1019,0,0,43,clouds
2022.06.04,3.27,71,21.03,1019,0,0,91,clouds
2022.06.05,4.98,45,26.75,1016,0,0,21,clouds
2022.06.06,2.63,54,24.02,1015,0,0,55,clouds
2022.06.07,0.99,78,18.34,1014,{'1h': 0.49},0,100,rain
2022.06.08,3.43,44,24.19,1009,0,0,14,clouds
2022.06.09,3.11,76,17.09,1012,0,0,98,clouds
2022.06.10,2.6,55,21.72,1022,0,0,56,clouds
2022.06.11,1.32,52,25.43,1022,0,0,79,clouds
2022.06.12,2.98,45,27.58,1019,{'1h': 0.12},0,36,rain
2022.06.13,5.67,63,19.97,1018,0,0,76,clouds
2022.06.14,3.83,42,19.45,1021,0,0,93,clouds
2022.06.15,2.36,39,26.02,1018,0,0,18,clouds
2022.06.16,2.16,68,24.74,1017,0,0,99,clouds
2022.06.17,2.92,38,23.51,1024,0,0,54,clouds
2022.06.18,2.91,33,31.49,1017,{'1h': 0.12},0,28,rain
2022.06.19,6.27,28,34.65,1007,0,0,0,clear
2022.06.20,3.63,88,22.26,1008,0,0,85,clouds
2022.06.21,3.5,41,21.05,1015,0,0,39,clouds
2022.06.23,2.03,30,29.99,1013,0,0,0,clear
2022.06.24,5.15,44,28.29,1008,{'1h': 0.65},0,55,rain
2022.06.25,0.62,79,21.29,1013,0,0,100,clouds
2022.06.26,1.73,49,28.58,1015,{'1h': 0.12},0,70,rain
2022.06.27,4.56,39,32.12,1014,0,0,37,clouds
2022.06.28,2.51,61,23.07,1020,0,0,82,clouds
2022.06.29,2.38,65,24.05,1014,{'1h': 0.49},0,100,rain
2022.06.30,2.4,51,27.77,1012,0,0,86,clouds
2022.07.01,4.19,86,20.35,1015,{'1h': 0.52},0,71,rain
2022.07.02,1.22,41,24.37,1024,0,0,0,clear
2022.07.03,2.87,43,26.53,1018,0,0,2,clear
2022.07.04,2.1,47,26.58,1017,0,0,83,clouds
2022.07.05,3.47,37,26.47,1019,0,0,55,clouds
2022.07.06,4.79,53,21.42,1022,0,0,36,clouds
2022.07.07,3.58,78,15.79,1018,0,0,100,clouds
2022.07.08,5.2,63,17.21,1027,0,0,98,clouds
2022.07.09,4.21,68,19.65,1022,{'1h': 0.24},0,57,rain
2022.07.10,7.28,53,17.16,1020,0,0,90,clouds
2022.07.11,4.28,59,19.02,1020,0,0,39,clouds
2022.07.12,4.76,39,22.15,1023,0,0,22,clouds
2022.07.13,4.44,37,27.26,1020,0,0,73,clouds
2022.07.14,4.15,39,25.56,1014,0,0,94,clouds
2022.07.15,4.08,48,20.37,1020,0,0,84,clouds
2022.07.16,7.29,56,18.69,1020,{'1h': 0.13},0,72,rain
2022.07.17,3.55,27,23.07,1025,0,0,38,clouds
2022.07.18,0.51,28,27.27,1023,0,0,85,clouds
2022.07.19,1.71,25,32.41,1020,0,0,6,clear
2022.07.20,4.68,23,33.8,1018,0,0,30,clouds
2022.07.21,2.03,55,30.38,1018,0,0,93,clouds
2022.07.22,1.4,35,29.26,1017,0,0,30,clouds
2022.07.23,5.14,45,26.99,1015,0,0,80,clouds
2022.07.24,1.5,31,27.41,1019,0,0,22,clouds
2022.07.25,4.12,28,31.8,1011,0,0,22,clouds
2022.07.26,4.82,35,25.85,1013,0,0,100,clouds
2022.07.27,3.75,56,19.52,1017,0,0,82,clouds
2022.07.28,2.06,30,24.99,1017,0,0,56,clouds
2022.07.29,3.07,37,27.14,1015,0,0,99,clouds
2022.07.30,3.5,72,17.86,1015,0,0,91,clouds
2022.07.31,3.99,37,27.49,1015,0,0,12,clouds
2022.08.01,4.55,55,24.99,1015,0,0,71,clouds
2022.08.02,1.56,39,28.52,1017,0,0,79,clouds
2022.08.03,2.19,30,31.95,1016,0,0,9,clear
2022.08.04,2.85,29,33.98,1015,0,0,41,clouds
2022.08.05,1.42,30,33.56,1012,0,0,74,clouds
2022.08.06,3.87,29,22.01,1024,0,0,100,clouds
2022.08.07,2.35,29,24.3,1022,0,0,1,clear
2022.08.08,3.64,29,25.43,1022,0,0,0,clear
2022.08.09,3.52,32,26.97,1025,0,0,40,clouds
2022.08.10,3.95,38,26.81,1025,0,0,93,clouds
2022.08.11,3.51,28,27.39,1022,0,0,72,clouds
2022.08.12,3.02,45,26.37,1020,0,0,49,clouds
2022.08.13,4.51,71,23.36,1016,0,0,98,clouds
2022.08.14,4.68,49,27.19,1010,0,0,61,clouds
2022.08.15,2.38,37,28.02,1005,{'1h': 0.14},0,10,rain
2022.08.16,3.13,33,29.61,1010,0,0,2,clear
2022.08.17,2.7,31,31.44,1011,0,0,18,clouds
2022.08.18,1.04,39,31.14,1010,0,0,88,clouds
2022.08.19,3.51,81,22.87,1011,0,0,100,clouds
2022.08.20,3.64,85,19.02,1015,{'1h': 1.78},0,100,rain
2022.08.21,3.34,58,22.35,1016,0,0,100,clouds
2022.08.22,2.46,77,18.81,1017,0,0,100,clouds
2022.08.23,1.95,95,18.92,1018,0,0,100,clouds
2022.08.24,1.88,65,24.69,1019,0,0,46,clouds
2022.08.25,3.21,58,27.48,1016,0,0,32,clouds
2022.08.26,2.19,59,29.28,1012,0,0,10,clear
2022.08.27,4.01,74,21.37,1012,0,0,67,clouds
2022.08.28,4.46,60,21.16,1016,0,0,99,clouds
2022.08.29,2.5,43,21.97,1019,0,0,6,clear
2022.08.30,1.6,47,22.11,1020,0,0,54,clouds
2022.08.31,3.4,50,21.31,1020,0,0,100,clouds
2022.09.01,3.36,40,19.65,1021,0,0,84,clouds
2022.09.02,2.5,39,20.09,1019,0,0,70,clouds
2022.09.03,3.57,39,21.33,1016,0,0,62,clouds
2022.09.04,1.4,47,24.98,1020,0,0,9,clear
2022.09.05,2.78,61,24.37,1023,0,0,94,clouds
2022.09.06,2.78,50,24.56,1019,0,0,100,clouds
2022.09.07,2.59,53,24.08,1014,0,0,90,clouds
2022.09.08,2.71,94,19.65,1008,{'1h': 1.33},0,98,rain
2022.09.09,2.94,40,23.06,1012,0,0,22,clouds
2022.09.10,4.1,65,18.58,1013,{'1h': 0.36},0,57,rain
2022.09.11,5.58,60,17.14,1016,0,0,82,clouds
2022.09.12,2.69,47,19.12,1017,0,0,66,clouds
2022.09.13,1.91,53,22.81,1010,0,0,86,clouds
2022.09.14,0.25,97,17.63,1006,{'1h': 0.97},0,100,rain
2022.09.15,3.26,76,16.47,1005,0,0,100,clouds
2022.09.16,6.26,52,15.44,1006,0,0,78,clouds
2022.09.17,6.89,57,15.45,1007,{'1h': 0.13},0,93,rain
2022.09.18,7.32,46,14.28,1009,{'1h': 0.22},0,47,rain
2022.09.19,6.22,75,11.81,1014,0,0,100,clouds
2022.09.20,4,69,12.19,1019,0,0,97,clouds
2022.09.21,3.35,59,14.08,1025,0,0,62,clouds
2022.09.22,1.82,51,14.95,1023,0,0,62,clouds
2022.09.23,2.55,45,16.74,1018,0,0,37,clouds
2022.09.24,2.41,50,17.38,1013,0,0,80,clouds
2022.09.25,1.11,65,19.22,1011,0,0,99,clouds
2022.09.26,3.9,57,16.13,1005,0,0,67,clouds
2022.09.27,4.7,83,12.23,998,{'1h': 0.61},0,99,rain
2022.09.28,4.84,77,9.77,997,{'1h': 0.18},0,97,rain
2022.09.29,0.81,49,12.54,1003,0,0,83,clouds
2022.09.30,1.56,47,17.17,1011,0,0,52,clouds
2022.10.01,6.11,73,11.71,1009,{'1h': 3},0,100,rain
2022.10.02,7.07,69,15.29,1015,{'1h': 4.86},0,92,rain
2022.10.03,7.62,56,14.29,1022,0,0,85,clouds
2022.10.04,2.4,56,16.43,1022,0,0,86,clouds
2022.10.05,3.92,49,17.66,1021,0,0,100,clouds
2022.10.06,4.45,46,16.78,1029,0,0,53,clouds
2022.10.07,2.16,62,18.44,1024,0,0,35,clouds
2022.10.08,4.64,54,17.03,1018,0,0,100,clouds
2022.10.09,2.35,46,15.19,1025,0,0,2,clear
2022.10.10,2.98,55,15.16,1018,0,0,87,clouds
2022.10.11,1.99,45,15.28,1025,0,0,18,clouds
2022.10.12,2.16,52,15.75,1025,0,0,15,clouds
2022.10.13,3.12,61,15.97,1019,0,0,63,clouds
2022.10.14,1.4,75,16.27,1016,0,0,100,clouds
2022.10.15,1.73,92,15.49,1011,0,0,100,clouds
2022.10.16,3.36,64,20.33,1019,0,0,96,clouds
2022.10.17,3.15,57,20.61,1025,0,0,72,clouds
2022.10.18,0.95,70,15.79,1024,0,0,98,clouds
2022.10.19,3.29,64,12.52,1027,0,0,95,clouds
2022.10.20,4.71,51,13.23,1022,0,0,64,clouds
2022.10.21,2.52,68,12.63,1014,{'1h': 0.52},0,99,rain
2022.10.22,1.11,85,13.0,1015,0,0,100,clouds
2022.10.23,2.77,67,16.52,1017,0,0,98,clouds
2022.10.24,4.78,73,17.14,1014,{'1h': 1.78},0,88,rain
2022.10.25,5.08,58,17.22,1018,0,0,67,clouds
2022.10.26,2.42,67,16.2,1020,0,0,99,clouds
2022.10.27,2.11,64,19.68,1027,0,0,42,clouds
2022.10.28,2.73,56,17.64,1024,0,0,75,clouds
2022.10.29,1.87,56,19.38,1022,0,0,98,clouds
2022.10.30,1.5,47,20.79,1020,0,0,84,clouds
2022.10.31,0.97,48,19.91,1020,0,0,28,clouds
2022.11.01,2.77,58,19.13,1018,{'1h': 0.17},0,97,rain
2022.11.02,5.34,58,15.56,1022,0,0,37,clouds
2022.11.03,3.4,57,12.68,1016,0,0,95,clouds
2022.11.04,0.74,94,10.51,1006,{'1h': 2.11},0,100,rain
2022.11.05,3.23,72,10.58,1017,0,0,94,clouds
2022.11.06,3.58,67,10.64,1018,0,0,20,clouds
2022.11.07,2.72,67,13.02,1017,0,0,28,clouds
2022.11.08,3.08,69,14.25,1015,0,0,69,clouds
2022.11.09,2.57,65,9.64,1016,0,0,98,clouds
2022.11.10,3.64,61,13.21,1025,0,0,47,clouds
2022.11.11,1.18,57,12.5,1033,0,0,99,clouds
2022.11.12,0.67,47,16.3,1032,0,0,99,clouds
2022.11.13,2.83,61,9.86,1026,0,0,17,clouds
2022.11.14,3.9,69,10.58,1020,0,0,14,clouds
2022.11.15,1.85,70,9.38,1013,0,0,5,clear
2022.11.16,1.08,82,7.76,1005,{'1h': 0.18},0,100,rain
2022.11.17,3.16,94,5.94,1002,{'1h': 0.69},0,100,rain
2022.11.18,2.94,92,1.31,1004,0,0,100,clouds
2022.11.19,0.92,53,-0.16,1014,0,0,25,clouds
2022.11.20,1.98,65,2.28,1011,0,0,25,clouds
2022.11.21,2.41,74,1.26,1006,0,0,96,clouds
2022.11.22,2.68,83,3.56,1003,0,0,100,clouds
2022.11.23,1.5,85,5.28,1006,0,0,99,clouds
2022.11.24,1.91,87,5.4,1013,{'1h': 0.24},0,100,rain
2022.11.25,1.76,74,6.3,1018,0,0,55,clouds
2022.11.26,3.76,78,7.76,1029,0,0,99,clouds
2022.11.27,2.04,71,6.69,1028,0,0,15,clouds
2022.11.28,3.85,78,4.89,1017,0,0,100,clouds
2022.11.29,1.81,93,4.66,1020,0,0,100,clouds
2022.11.30,1.69,71,5.95,1024,0,0,84,clouds
2022.12.01,1.96,69,2.53,1025,0,0,96,clouds
2022.12.02,1.99,72,1.59,1023,0,0,100,clouds
2022.12.03,1.43,96,2.16,1021,0,0,100,clouds
2022.12.04,4.74,80,6.59,1016,0,0,100,clouds
2022.12.05,1.85,87,6.21,1018,0,0,100,clouds
2022.12.06,1.8,89,3.86,1015,0,0,100,clouds
2022.12.07,5.08,86,3.97,1012,{'1h': 0.12},0,98,rain
2022.12.08,3.34,74,4.11,1009,0,0,98,clouds
2022.12.09,2.1,78,3.73,1007,0,0,90,clouds
2022.12.10,2.03,79,1.35,1008,0,0,98,clouds
2022.12.11,3,65,-1.45,1009,0,0,93,clouds
2022.12.12,3.97,86,-1.43,1011,0,{'1h': 0.41},100,snow
2022.12.13,1.4,69,-1.92,1014,0,0,9,clear
2022.12.14,4.6,81,-1.82,1006,0,{'1h': 0.21},100,snow
2022.12.15,1.32,74,-1.34,1011,0,0,98,clouds
2022.12.16,2.86,88,-0.49,1012,0,{'1h': 0.11},100,snow
2022.12.17,2.19,78,-1.69,1027,0,0,93,clouds
2022.12.18,2.41,87,-3.8,1036,0,0,84,clouds
2022.12.19,3.26,94,-1.01,1030,0,{'1h': 0.24},99,snow
2022.12.20,3.14,85,0.64,1023,0,0,87,clouds
2022.12.21,2.19,97,1.84,1016,0,{'1h': 0.77},100,snow
2022.12.22,1.89,99,6.32,1007,0,0,100,clouds
2022.12.23,3.15,88,7.93,1008,0,0,94,clouds
2022.12.24,6.41,75,10.89,1013,{'1h': 0.16},0,48,rain
2022.12.25,1.91,97,6.89,1020,0,0,85,clouds
2022.12.26,3.85,83,11.44,1015,{'1h': 1.15},0,100,rain
2022.12.27,6.28,71,5.89,1027,0,0,42,clouds
2022.12.28,4.24,78,5.63,1018,0,0,100,clouds
2022.12.29,3.98,73,10.77,1012,0,0,100,clouds
2022.12.30,2.91,73,9.49,1017,0,0,7,clear
2022.12.31,6.59,72,15.59,1015,0,0,100,clouds
2023.01.01,2.93,70,16.0,1021,0,0,94,clouds
2023.01.02,2.07,80,10.46,1020,0,0,93,clouds
2023.01.03,2.46,67,9.4,1029,0,0,100,clouds
2023.01.04,5.92,71,5.95,1021,0,0,100,clouds
2023.01.05,8.81,72,10.46,1016,{'1h': 0.42},0,58,rain
2023.01.06,3.56,82,9.79,1019,0,0,100,clouds
2023.01.07,1.69,82,9.23,1019,0,0,80,clouds
2023.01.08,2.21,80,6.06,1010,0,0,94,clouds
2023.01.09,3.79,88,6.65,1003,{'1h': 0.18},0,100,rain
2023.01.10,4.62,70,6.02,1020,0,0,93,clouds
2023.01.11,3.13,81,5.1,1015,0,0,100,clouds
2023.01.12,6.56,77,8.04,1014,{'1h': 0.21},0,100,rain
2023.01.13,5.06,87,8.79,1009,{'1h': 0.16},0,100,rain
2023.01.14,4.76,68,8.43,1016,0,0,55,clouds
2023.01.15,3.97,73,5.93,1004,{'1h': 0.41},0,100,rain
2023.01.16,4.34,66,5.95,995,0,0,42,clouds
2023.01.17,3.08,59,6.11,989,0,0,46,clouds
2023.01.18,0.89,99,2.27,993,0,0,100,clouds
2023.01.19,1.44,72,1.6,1008,0,0,47,clouds
2023.01.20,2.1,86,1.48,1017,0,{'1h': 0.21},100,snow
2023.01.21,5.83,89,0.23,1022,0,{'1h': 0.11},100,snow
2023.01.22,2.6,87,1.42,1027,0,0,98,clouds
2023.01.23,2.41,93,2.3,1035,0,0,99,clouds
2023.01.24,2.3,93,2.43,1037,0,0,94,clouds
2023.01.25,1.13,84,1.71,1031,0,0,100,clouds
2023.01.26,1.33,87,1.15,1022,0,0,99,clouds
2023.01.27,3.72,87,0.33,1022,0,{'1h': 0.21},100,snow
2023.01.28,3.25,79,-1.13,1027,0,0,66,clouds
2023.01.29,1.18,78,-0.46,1026,0,0,100,clouds
2023.01.30,7.34,91,3.52,1010,{'1h': 0.52},0,98,rain
2023.02.01,10.34,84,4.43,1014,0,0,93,clouds
2023.02.02,6.66,86,4.2,1018,{'1h': 0.42},0,90,rain
2023.02.03,10.03,89,6.89,1015,{'1h': 1.15},0,100,rain
2023.02.04,4.55,67,2.31,1036,0,0,79,clouds
2023.02.05,2.07,52,1.28,1037,0,0,100,clouds
2023.02.06,1.44,50,0.44,1038,0,0,100,clouds
2023.02.07,1.12,43,1.54,1041,0,0,6,clear
2023.02.08,3.74,58,0.05,1042,0,0,6,clear
2023.02.09,2.95,48,2.42,1035,0,0,1,clear
2023.02.10,3.06,63,2.7,1036,0,0,78,clouds
2023.02.11,4.66,83,5.23,1030,0,0,100,clouds
2023.02.12,1.07,90,7.71,1038,0,0,100,clouds
2023.02.13,1.87,67,7.25,1037,0,0,82,clouds
2023.02.14,1.41,68,6.19,1036,0,0,4,clear
2023.02.15,2.51,61,10.3,1029,0,0,1,clear
2023.02.16,1.89,53,8.49,1025,0,0,98,clouds
2023.02.17,6.19,86,9.18,1018,0,0,100,clouds
2023.02.18,8.72,77,10.65,1014,0,0,100,clouds
2023.02.19,2.91,96,5.33,1020,0,0,100,clouds
2023.02.20,7.73,53,11.65,1017,0,0,94,clouds
2023.02.21,6.42,76,10.45,1016,0,0,96,clouds
2023.02.22,1.88,66,11.06,1015,0,0,48,clouds
2023.02.23,2.03,73,12.04,1013,0,0,100,clouds
2023.02.24,1.99,85,6.47,1004,0,0,100,clouds
2023.02.26,5.95,75,1.69,1019,0,0,99,clouds
2023.02.27,4.21,61,1.73,1028,0,0,63,clouds
2023.02.28,2.43,50,3.49,1030,0,0,10,clear
2023.03.01,1.84,50,5.67,1026,0,0,1,clear
2023.03.02,1.74,43,8.88,1022,0,0,66,clouds
2023.03.03,2.41,80,2.97,1021,0,0,38,clouds
2023.03.04,5.37,92,2.19,1018,0,0,68,clouds
2023.03.05,6.61,65,2.12,1012,0,0,100,clouds
2023.03.06,3.86,92,2.22,1004,0,0,100,clouds
2023.03.07,6.38,86,4.07,998,0,0,100,clouds
2023.03.08,3.21,99,2.14,998,{'1h': 0.42},0,99,rain
2023.03.09,5.21,99,6.48,998,{'1h': 0.56},0,100,rain
2023.03.10,4.14,87,10.23,992,0,0,100,clouds
2023.03.11,7.85,69,1.84,1007,0,{'1h': 0.15},94,snow
2023.03.12,4.77,64,4.08,1013,0,0,97,clouds
2023.03.13,4.5,99,9.02,1004,0,0,100,clouds
2023.03.14,5.2,74,11.03,996,0,0,100,clouds
2023.03.15,5.02,86,2.75,1015,0,0,81,clouds
2023.03.16,2.67,74,5.29,1023,0,0,96,clouds
2023.03.17,5,65,7.68,1017,0,0,97,clouds
2023.03.18,2.64,52,9.88,1016,0,0,100,clouds
2023.03.19,2.05,49,11.7,1016,0,0,100,clouds
2023.03.20,3.98,76,12.57,1018,{'1h': 0.12},0,53,rain
2023.03.21,1.56,81,11.83,1016,0,0,90,clouds
2023.03.22,4.11,58,16.33,1011,0,0,100,clouds
2023.03.24,6.18,71,15.92,1005,0,0,100,clouds
2023.03.25,7.59,81,9.94,1007,0,0,95,clouds
2023.03.26,3.57,75,9.88,1003,0,0,97,clouds
2023.03.27,7.57,80,2.79,1014,{'1h': 0.43},0,94,rain
2023.03.28,7.92,44,5.02,1024,0,0,54,clouds
2023.03.29,4.03,69,7.2,1019,0,0,99,clouds
2023.03.30,3.92,99,10.53,1009,{'1h': 0.49},0,100,rain
2023.03.31,4.08,99,9.35,1001,{'1h': 1.3},0,100,rain
2023.04.01,4,93,10.48,1002,{'1h': 0.25},0,100,rain
2023.04.02,5.61,99,2.17,1020,0,0,100,clouds
2023.04.03,5.54,40,4.79,1028,0,0,85,clouds
2023.04.04,4.67,55,3.67,1026,0,0,50,clouds
2023.04.05,1.61,55,4.51,1022,0,0,90,clouds
2023.04.06,0.85,38,7.75,1020,0,0,46,clouds
2023.04.07,3.36,48,8.89,1017,{'1h': 0.56},0,94,rain
2023.04.08,2.99,99,6.93,1023,0,0,100,clouds
2023.04.09,3.87,65,11.01,1025,0,0,39,clouds
2023.04.10,3.39,62,14.08,1023,0,0,25,clouds
2023.04.11,6.54,87,9.78,1011,{'1h': 1.33},0,100,rain
2023.04.12,5.48,71,12.82,1006,0,0,77,clouds
2023.04.13,3.42,57,11.32,1006,0,0,100,clouds
2023.04.14,4.03,99,5.52,1007,{'1h': 0.32},0,100,rain
2023.04.15,2.45,99,7.01,1007,0,0,100,clouds
2023.04.16,1.25,76,11.81,1017,0,0,100,clouds
2023.04.17,3.02,99,8.84,1022,0,0,100,clouds
2023.04.18,3.29,92,7.77,1025,0,0,100,clouds
2023.04.19,5.97,80,6.96,1020,0,0,55,clouds
2023.04.20,4.24,99,6.29,1018,0,0,100,clouds
2023.04.21,5.78,62,16.89,1016,0,0,11,clouds
2023.04.22,4.07,48,19.43,1013,0,0,3,clear
2023.04.23,5.15,81,15.38,1009,0,0,100,clouds
2023.04.24,4.58,81,13.69,1005,0,0,100,clouds
2023.04.25,5.72,70,8.82,1010,0,0,94,clouds
2023.04.26,4.76,48,9.23,1017,0,0,81,clouds
2023.04.27,0.93,52,9.12,1020,0,0,94,clouds
2023.04.28,1.05,81,10.22,1015,{'1h': 1.09},0,100,rain
2023.04.29,6.17,87,14.15,1014,0,0,90,clouds
2023.04.30,3.49,61,12.46,1022,0,0,47,clouds
2023.05.01,4.57,47,15.34,1016,0,0,100,clouds
2023.05.02,3.97,81,12.64,1021,0,0,100,clouds
2023.05.03,3.1,57,12.42,1026,0,0,2,clear
2023.05.04,2.31,47,16.32,1023,0,0,95,clouds
2023.05.05,3.33,48,19.86,1018,0,0,76,clouds
2023.05.06,5.5,82,15.54,1017,0,0,93,clouds
2023.05.07,2.81,87,11.77,1022,0,0,100,clouds
2023.05.08,4.37,58,14.68,1025,0,0,60,clouds
2023.05.09,5.42,44,16.92,1019,0,0,0,clear
2023.05.10,3.8,63,18.19,1012,0,0,65,clouds
2023.05.11,4.81,62,17.41,1015,0,0,100,clouds
2023.05.12,4.55,52,19.36,1017,0,0,57,clouds
2023.05.13,4.19,93,12.78,1020,{'1h': 0.32},0,98,rain
2023.05.14,3.41,67,16.46,1015,0,0,78,clouds
2023.05.15,2.18,73,15.36,1008,0,0,100,clouds
2023.05.16,4.29,87,11.81,1015,0,0,97,clouds
2023.05.17,5.57,70,10.78,1022,0,0,98,clouds
2023.05.18,4.66,50,14.9,1025,0,0,45,clouds
2023.05.19,3.14,55,17.56,1022,0,0,58,clouds
2023.05.20,6.31,64,21.55,1019,0,0,39,clouds
2023.05.21,4.8,72,23.05,1017,0,0,99,clouds
2023.05.22,3.37,47,25.76,1014,0,0,67,clouds
2023.05.23,4.17,93,17.03,1013,0,0,97,clouds
2023.05.24,3.57,44,14.05,1020,0,0,59,clouds
2023.05.25,3.12,55,18.1,1023,0,0,15,clouds
2023.05.26,4.43,59,18.1,1025,0,0,53,clouds
2023.05.27,3.62,54,17.5,1025,0,0,1,clear
2023.05.28,1.4,45,20.21,1018,0,0,0,clear
2023.05.29,4.09,39,20.96,1019,0,0,21,clouds
2023.05.30,4.48,38,18.18,1023,0,0,8,clear
2023.05.31,2.44,40,22.43,1022,0,0,9,clear
2023.06.01,3.34,37,23.29,1016,0,0,100,clouds
2023.06.02,4.38,58,16.93,1018,0,0,92,clouds
2023.06.03,2.86,36,18.33,1021,0,0,15,clouds
2023.06.04,1.22,36,20.25,1020,0,0,3,clear
2023.06.05,2.67,46,23.65,1018,0,0,92,clouds
2023.06.06,1.92,99,15.69,1018,0,0,100,clouds
2023.06.07,2.67,82,20.13,1018,{'1h': 0.63},0,100,rain
2023.06.08,2.73,73,23.77,1015,{'1h': 2.37},0,71,rain
2023.06.09,5.25,68,23.14,1014,0,0,63,clouds
2023.06.10,4.46,77,22.48,1016,{'1h': 0.48},0,42,rain
2023.06.11,4.75,60,24.42,1018,0,0,4,clear
2023.06.12,4.58,52,22.42,1019,0,0,95,clouds
2023.06.13,3.65,44,18.78,1014,{'1h': 0.52},0,91,rain
2023.06.14,3.69,62,17.7,1016,0,0,56,clouds
2023.06.15,2.44,59,20.47,1016,0,0,86,clouds
2023.06.16,5.65,67,18.92,1015,{'1h': 0.46},0,43,rain
2023.06.17,5.45,67,20.4,1013,0,0,23,clouds
2023.06.18,1.76,64,24.87,1014,0,0,22,clouds
2023.06.19,2.64,43,25.75,1014,0,0,83,clouds
2023.06.20,2.3,64,26.09,1014,0,0,97,clouds
2023.06.21,3.99,44,28.71,1016,0,0,68,clouds
2023.06.22,3.93,69,29.3,1016,0,0,74,clouds
2023.06.23,5.83,82,19.86,1015,0,0,83,clouds
2023.06.24,4.88,63,21.77,1023,0,0,33,clouds
2023.06.25,1.73,47,24.79,1019,0,0,23,clouds
2023.06.26,2.31,54,28.85,1014,0,0,33,clouds
2023.06.27,6.62,46,18.66,1017,0,0,60,clouds
2023.06.28,6.47,67,18.69,1017,0,0,39,clouds
2023.06.29,1.22,46,25.01,1014,0,0,11,clouds
2023.07.01,3.3,37,22.21,1007,0,0,54,clouds
2023.07.02,5.27,59,21.14,1009,0,0,73,clouds
2023.07.03,7.17,55,21.27,1011,0,0,52,clouds
2023.07.04,5.64,46,24.41,1013,0,0,7,clear
2023.07.05,5.21,56,23.88,1012,0,0,88,clouds
2023.07.07,1.96,36,27.73,1021,0,0,1,clear
2023.07.08,1.8,32,30.4,1021,0,0,88,clouds
2023.07.09,0.98,30,32.72,1021,0,0,4,clear
2023.07.10,3.46,37,31.82,1017,{'1h': 0.15},0,93,rain
2023.07.11,2.79,50,28.1,1016,0,0,20,clouds
2023.07.12,6.28,44,27.02,1011,0,0,96,clouds
2023.07.13,4.96,44,22.79,1015,0,0,100,clouds
2023.07.14,0.93,46,24.96,1017,0,0,72,clouds
2023.07.15,3.25,35,33.73,1011,0,0,25,clouds
2023.07.16,4.59,32,24.98,1015,0,0,62,clouds
2023.07.17,6.48,38,27.45,1017,0,0,5,clear
2023.07.18,1.97,29,25.81,1018,0,0,31,clouds
2023.07.19,4.73,26,28.3,1010,0,0,95,clouds
2023.07.20,5.34,42,20.39,1012,{'1h': 0.18},0,41,rain
2023.07.21,1.09,49,25.03,1009,{'1h': 0.62},0,88,rain
2023.07.23,7.08,25,27.45,1010,0,0,95,clouds
2023.07.24,6.9,34,30.57,1005,0,0,88,clouds
2023.07.25,1.79,77,19.29,1003,0,0,100,clouds
2023.07.26,5.17,37,17.59,1011,0,0,85,clouds
2023.07.27,5.59,67,19.0,1011,0,0,98,clouds
2023.07.28,5.5,82,21.22,1008,0,0,94,clouds
2023.07.29,6.77,46,24.69,1008,{'1h': 0.65},0,75,rain
2023.07.30,3.82,77,22.92,1011,{'1h': 0.21},0,79,rain
2023.07.31,2.93,82,19.15,1012,0,0,100,clouds
2023.08.01,6.64,75,19.84,1000,0,0,100,clouds
2023.08.02,6.9,77,20.51,1002,0,0,100,clouds
2023.08.03,8.64,72,20.44,1003,0,0,27,clouds
2023.08.04,1.33,64,21.96,1011,{'1h': 0.11},0,99,rain
2023.08.05,2.82,93,17.31,1012,{'1h': 0.3},0,100,rain
2023.08.06,3.41,72,16.15,1003,{'1h': 0.23},0,100,rain
2023.08.07,7.89,99,14.52,1010,0,0,100,clouds
2023.08.08,5.9,43,21.54,1012,0,0,96,clouds
2023.08.09,4.75,53,17.21,1015,0,0,98,clouds
2023.08.10,0.93,51,19.99,1021,0,0,42,clouds
2023.08.11,1.39,52,23.7,1022,0,0,4,clear
2023.08.12,2.74,57,28.97,1018,0,0,84,clouds
2023.08.13,1.89,69,26.31,1018,0,0,100,clouds
2023.08.14,3.23,83,26.92,1017,0,0,53,clouds
2023.08.15,3.21,65,28.89,1016,0,0,12,clouds
2023.08.16,2.53,88,25.36,1019,0,0,52,clouds
2023.08.17,2.91,69,28.21,1018,0,0,58,clouds
2023.08.18,0.95,73,27.23,1017,0,0,90,clouds
2023.08.19,1.65,65,30.01,1018,0,0,47,clouds
2023.08.20,1.68,74,28.74,1021,0,0,30,clouds
2023.08.21,2.53,74,28.33,1021,0,0,3,clear
2023.08.22,2.18,65,29.86,1018,0,0,43,clouds
2023.08.23,1.92,64,25.37,1018,0,0,12,clouds
2023.08.24,2.04,53,27.26,1016,{'1h': 0.21},0,41,rain
2023.08.25,2.95,57,29.73,1010,{'1h': 0.3},0,34,rain
2023.08.26,3.26,83,24.3,1011,0,0,99,clouds
2023.08.27,0.88,99,18.44,1010,0,0,100,clouds
2023.08.28,2.51,99,13.52,1011,{'1h': 0.65},0,100,rain
2023.08.29,2.61,99,13.81,1008,0,0,100,clouds
2023.08.30,0.27,87,16.58,1009,0,0,100,clouds
2023.08.31,4.93,46,16.83,1011,0,0,28,clouds
2023.09.01,3.58,87,17.75,1015,0,0,84,clouds
2023.09.02,1.05,88,20.28,1021,0,0,98,clouds
2023.09.03,5.21,77,20.11,1026,0,0,100,clouds
2023.09.04,1.91,67,21.2,1028,0,0,2,clear
2023.09.05,2.96,72,22.03,1024,0,0,52,clouds
2023.09.06,2.28,64,24.87,1023,0,0,10,clear
2023.09.07,3.79,56,26.09,1023,0,0,6,clear
2023.09.08,3.77,64,25.61,1021,0,0,10,clear
2023.09.09,3.53,69,26.3,1019,0,0,14,clouds
2023.09.10,1.05,57,26.94,1018,0,0,16,clouds
2023.09.11,2.06,65,28.16,1014,0,0,44,clouds
2023.09.12,1.09,69,27.62,1013,0,0,91,clouds
2023.09.13,4.47,68,24.73,1013,0,0,75,clouds
2023.09.14,3.34,50,20.24,1021,0,0,15,clouds
2023.09.15,4,72,20.74,1021,0,0,6,clear
2023.09.16,3.91,68,22.81,1016,0,0,5,clear
2023.09.17,2.21,68,24.97,1016,0,0,22,clouds
2023.09.18,3.28,44,25.22,1009,0,0,78,clouds
2023.09.19,6.36,59,20.84,1013,0,0,88,clouds
2023.09.20,3.27,64,22.62,1013,0,0,61,clouds
2023.09.21,3.67,50,23.32,1004,0,0,34,clouds
2023.09.22,2.69,70,16.87,1006,0,0,100,clouds
2023.09.23,3.88,76,15.37,1015,0,0,100,clouds
2023.09.24,3.04,48,16.85,1026,0,0,15,clouds
2023.09.25,2.2,67,19.86,1025,0,0,2,clear
2023.09.26,3.32,59,24.55,1022,0,0,97,clouds
2023.09.27,3.66,77,22.96,1021,0,0,48,clouds
2023.09.28,1.59,64,23.3,1019,0,0,15,clouds
2023.09.29,3.3,68,23.21,1018,0,0,84,clouds
2023.09.30,3.78,67,17.52,1025,0,0,84,clouds
2023.10.01,3.08,59,19.78,1025,0,0,91,clouds
2023.10.02,2.11,56,23.2,1022,0,0,60,clouds
2023.10.03,5.89,35,27.4,1013,0,0,86,clouds
2023.10.04,6.24,44,16.38,1026,0,0,79,clouds
2023.10.05,6.05,47,15.93,1023,0,0,98,clouds
2023.10.06,3.79,67,17.87,1024,0,0,56,clouds
2023.10.07,5.1,72,18.39,1018,0,0,98,clouds
2023.10.08,2.51,67,11.69,1026,0,0,99,clouds
2023.10.09,3.36,99,13.58,1017,0,0,100,clouds
2023.10.10,3.84,93,16.24,1020,0,0,100,clouds
2023.10.11,4.46,56,23.53,1016,0,0,94,clouds
2023.10.12,5.35,69,17.07,1016,{'1h': 0.13},0,100,rain
2023.10.13,4.76,87,19.36,1013,0,0,98,clouds
2023.10.14,5.25,99,12.7,1010,0,0,100,clouds
2023.10.15,7,61,10.47,1016,0,0,20,clouds
2023.10.16,3.49,50,10.39,1021,0,0,27,clouds
2023.10.17,2.14,80,8.82,1021,0,0,100,clouds
2023.10.18,4.16,86,8.37,1014,0,0,88,clouds
2023.10.19,2.49,99,7.1,1000,0,0,100,clouds
2023.10.20,2.6,99,13.1,985,{'1h': 0.36},0,100,rain
2023.10.21,4.58,76,17.13,1000,0,0,43,clouds
2023.10.22,4.82,81,15.3,1009,0,0,91,clouds
2023.10.23,1.61,81,15.76,1015,0,0,26,clouds
2023.10.24,2.21,99,12.06,1006,{'1h': 0.21},0,100,rain
2023.10.25,1.19,76,14.97,1002,0,0,48,clouds
2023.10.26,3.82,93,11.11,996,0,0,90,clouds
2023.10.27,2.91,87,10.81,993,{'1h': 0.21},0,100,rain
2023.10.28,4.36,93,11.12,1003,0,0,98,clouds
2023.10.29,2.65,76,12.14,1003,0,0,100,clouds
2023.10.30,1.97,76,15.06,1006,0,0,66,clouds
2023.10.31,6.24,64,12.34,1002,0,0,91,clouds
2023.11.01,4.46,65,12.61,1008,0,0,68,clouds
2023.11.03,3.5,73,8.16,987,{'1h': 0.28},0,100,rain
2023.11.04,5.63,61,10.81,991,0,0,68,clouds
2023.11.05,7.46,81,11.84,983,0,0,99,clouds
2023.11.06,6.55,57,12.49,1006,0,0,43,clouds
2023.11.07,4.52,81,10.24,1013,0,0,10,clear
2023.11.08,5.49,67,8.76,1016,0,0,90,clouds
2023.11.09,3.55,65,9.53,1009,0,0,100,clouds
2023.11.10,4.14,93,8.35,1003,{'1h': 0.15},0,100,rain
2023.11.11,2.19,99,4.92,1003,{'1h': 0.4},0,89,rain
2023.11.12,2.98,80,7.45,1009,0,0,97,clouds
2023.11.13,2.09,99,4.9,1010,0,0,100,clouds
2023.11.14,7.31,71,11.91,1006,0,0,100,clouds
2023.11.15,5.48,99,8.12,1013,0,0,99,clouds
2023.11.16,3.5,86,8.4,1013,0,0,84,clouds
2023.11.17,4.71,82,2.67,1017,0,0,99,clouds
2023.11.18,2.85,69,4.41,1026,0,0,90,clouds
2023.11.19,6.88,76,10.79,1010,0,0,87,clouds
2023.11.20,6.39,93,9.38,1008,0,0,100,clouds
2023.11.21,2.58,99,7.32,1014,{'1h': 0.13},0,92,rain
2023.11.22,2.19,59,-0.21,1029,0,0,66,clouds
2023.11.23,6.57,67,7.3,1016,0,0,80,clouds
2023.11.24,7.8,92,2.96,1001,{'1h': 0.56},0,73,rain
2023.11.25,3.86,80,1.98,1005,0,0,70,clouds
2023.11.26,4.95,72,0.09,1014,0,0,82,clouds
2023.11.27,0.78,99,2.3,1006,0,0,100,clouds
2023.11.28,3.96,92,-1.31,996,0,{'1h': 0.33},100,snow
2023.11.29,2.91,99,-2.74,1006,0,0,96,clouds
2023.11.30,0.9,99,0.48,1005,0,0,64,clouds
2023.12.01,1.43,99,-0.51,1005,0,{'1h': 0.18},100,snow
2023.12.02,3.47,92,-2.99,1009,0,{'1h': 0.21},100,snow
2023.12.03,2.57,92,-2.45,1023,0,{'1h': 0.19},99,snow
2023.12.04,2.58,99,-4.32,1020,0,0,100,clouds
2023.12.05,2.39,99,-2.58,1013,0,{'1h': 0.19},100,snow
2023.12.06,1.18,99,1.03,1014,0,0,100,clouds
2023.12.07,1.19,99,1.23,1022,0,0,92,clouds
2023.12.08,3.23,99,-0.85,1016,0,0,100,clouds
2023.12.09,1.79,99,3.14,1015,0,0,100,clouds
2023.12.10,4.73,99,5.04,1009,{'1h': 0.32},0,98,rain
2023.12.11,2.65,99,7.15,1002,0,0,85,clouds
2023.12.12,1.92,86,7.14,1009,0,0,65,clouds
2023.12.13,0.58,99,7.27,1000,0,0,74,clouds
2023.12.14,3.23,85,5.63,1014,0,0,97,clouds
2023.12.15,3.08,71,4.55,1033,0,0,93,clouds
2023.12.16,4.29,86,5.52,1039,0,0,81,clouds
2023.12.17,1.87,71,10.46,1035,0,0,79,clouds
2023.12.19,2.52,44,7.7,1020,0,0,100,clouds
2023.12.20,6.94,93,4.47,1011,0,0,88,clouds
2023.12.21,9.02,88,7.38,993,{'1h': 0.86},0,100,rain
2023.12.22,11.26,99,0.81,995,0,0,64,clouds
2023.12.23,4.12,99,2.22,1001,{'1h': 0.36},0,100,rain
2023.12.25,8.58,93,10.19,1007,0,0,100,clouds
2023.12.26,7.39,77,10.76,1013,0,0,100,clouds
2023.12.27,1.92,86,5.72,1023,0,0,70,clouds
2023.12.28,3.15,86,7.02,1017,0,0,100,clouds
2023.12.29,6.05,70,9.94,1013,0,0,100,clouds
2023.12.30,5.9,67,7.96,1015,0,0,95,clouds
2023.12.31,2.62,99,5.41,1009,0,0,100,clouds
2024.01.01,5.39,67,6.79,1010,0,0,84,clouds
2024.01.02,3.41,99,3.3,1002,{'1h': 0.15},0,100,rain
2024.01.03,6.93,93,8.76,996,0,0,81,clouds
2024.01.04,7.88,86,7.01,1000,0,0,98,clouds
2024.01.05,2.56,99,4.29,1005,0,0,99,clouds
2024.01.06,1.6,99,5.2,1008,0,0,100,clouds
2024.01.07,6.11,59,-3.19,1019,0,0,100,clouds
2024.01.08,4.4,49,-6.78,1029,0,0,52,clouds
2024.01.09,1.47,38,-2.23,1034,0,0,0,clear
2024.01.10,1.67,67,-1.9,1032,0,0,0,clear
2024.01.12,3.07,99,-0.74,1029,0,0,85,clouds
2024.01.13,4.01,74,0.12,1019,0,0,97,clouds
2024.01.14,6.5,73,1.68,1007,0,0,89,clouds
2024.01.15,7.79,63,1.79,997,0,0,42,clouds
2024.01.16,4.94,65,1.16,1009,0,0,71,clouds
2024.01.17,3.11,85,-3.17,998,0,{'1h': 0.1},100,clouds
2024.01.18,2.76,99,-3.1,995,0,{'1h': 0.21},100,snow
2024.01.19,4.02,99,-1.55,1019,0,0,13,clouds
2024.01.20,3.77,73,-0.63,1029,0,0,18,clouds
2024.01.21,2.99,75,0.14,1031,0,0,65,clouds
2024.01.22,4.55,68,3.48,1016,0,0,100,clouds
2024.01.23,6.65,86,4.45,1025,0,0,79,clouds
2024.01.24,11.55,64,10.34,1014,0,0,88,clouds
2024.01.25,8.43,74,6.48,1024,0,0,67,clouds
2024.01.26,2.32,99,6.82,1022,0,0,96,clouds
2024.01.27,6.56,70,4.34,1034,0,0,34,clouds
2024.01.28,2.46,75,6.44,1037,0,0,8,clear
2024.01.29,3.36,74,5.0,1034,0,0,65,clouds
2024.01.30,2.75,86,4.7,1033,0,0,89,clouds
2024.01.31,1.67,86,5.72,1033,0,0,56,clouds
2024.02.01,5.66,99,5.58,1025,0,0,100,clouds
2024.02.02,3.57,86,4.15,1027,0,0,100,clouds
2024.02.03,6.29,99,7.48,1023,0,0,100,clouds
2024.02.04,8.13,73,9.01,1018,0,0,100,clouds
2024.02.05,9.18,81,10.23,1015,0,0,100,clouds
2024.02.06,7.92,86,7.87,1012,0,0,100,clouds
2024.02.07,3,94,3.48,1004,0,0,100,clouds
2024.02.08,0.89,99,2.44,1003,{'1h': 0.75},0,100,rain
2024.02.09,3.46,99,8.99,994,0,0,100,clouds
2024.02.10,2.49,80,10.34,991,0,0,89,clouds
2024.02.11,0.91,95,10.16,989,{'1h': 0.6},0,100,rain
2024.02.12,4.8,86,8.76,1002,0,0,96,clouds
2024.02.13,4.21,75,7.14,1019,0,0,83,clouds
2024.02.14,2.22,99,7.23,1021,0,0,100,clouds
2024.02.15,1.66,99,11.58,1020,0,0,99,clouds
2024.02.16,3.05,70,11.42,1018,0,0,85,clouds
2024.02.17,5.34,86,9.36,1028,0,0,80,clouds
2024.02.18,1.92,93,9.6,1031,0,0,72,clouds
2024.02.19,6.94,82,7.19,1023,0,0,100,clouds
2024.02.20,4.76,99,6.35,1025,0,0,95,clouds
2024.02.21,3.68,81,9.74,1018,0,0,86,clouds
2024.02.22,5.77,99,8.47,999,{'1h': 0.18},0,100,rain
2024.02.23,3.46,55,8.11,1000,0,0,100,clouds
2024.02.24,4.53,80,7.82,1006,0,0,45,clouds
2024.02.25,2.85,93,7.47,1007,0,0,100,clouds
2024.02.26,2.23,76,7.17,1005,0,0,92,clouds
2024.02.27,2.56,99,7.12,1013,0,0,100,clouds
2024.02.28,2.26,99,5.44,1021,0,0,99,clouds
2024.02.29,2.6,68,8.37,1016,0,0,36,clouds
2024.03.01,1.89,99,8.92,1007,0,0,93,clouds
2024.03.02,3.03,68,12.11,1008,0,0,100,clouds
2024.03.03,4.3,99,9.29,1004,0,0,96,clouds
2024.03.05,0.48,99,5.99,1014,0,0,100,clouds
2024.03.06,4.26,75,8.46,1022,0,0,76,clouds
2024.03.07,2.48,51,6.2,1023,0,0,22,clouds
2024.03.08,5.11,80,5.97,1018,0,0,10,clear
2024.03.09,5.27,99,4.72,1008,0,0,99,clouds
2024.03.10,5.49,99,8.59,1000,0,0,100,clouds
2024.03.11,2.79,71,12.57,1006,0,0,87,clouds
2024.03.12,3.93,81,9.22,1014,0,0,100,clouds
2024.03.13,2.88,70,11.44,1017,0,0,13,clouds
2024.03.14,1.54,87,10.77,1017,0,0,100,clouds
2024.03.15,2.67,81,14.28,1012,0,0,100,clouds
2024.03.16,4.89,99,11.86,1015,0,0,95,clouds
2024.03.17,3.62,46,7.7,1023,0,0,76,clouds
2024.03.18,0.76,65,9.0,1018,0,0,100,clouds
2024.03.19,1.96,69,7.53,1022,0,0,10,clear
2024.03.20,1.32,61,12.41,1021,0,0,91,clouds
2024.03.21,2.51,66,15.55,1018,0,0,100,clouds
2024.03.22,2.9,66,11.81,1016,0,0,100,clouds
2024.03.23,7.89,99,6.57,1007,0,0,92,clouds
2024.03.24,5.55,74,5.66,1005,0,0,99,clouds
2024.03.25,5.66,63,6.11,1007,0,0,96,clouds
2024.03.26,6.84,75,9.72,998,0,0,99,clouds
2024.03.27,6.9,62,14.24,987,0,0,96,clouds
2024.03.28,5.44,39,14.73,992,0,0,39,clouds
2024.03.29,3.74,53,13.94,1003,{'1h': 0.24},0,99,rain
2024.03.30,4.21,62,18.21,1000,0,0,66,clouds
2024.03.31,1.82,51,19.02,998,0,0,45,clouds
2024.04.01,6.34,51,20.05,993,0,0,100,clouds
2024.04.02,8.49,53,12.78,1007,0,0,73,clouds
2024.04.03,4.71,76,11.95,1009,{'1h': 0.42},0,83,rain
2024.04.04,6.17,93,13.3,1011,{'1h': 0.12},0,80,rain
2024.04.05,3.54,82,16.71,1016,0,0,100,clouds
2024.04.06,2.66,56,22.63,1017,0,0,98,clouds
2024.04.07,1.81,49,24.37,1017,0,0,64,clouds
2024.04.08,3.42,68,22.77,1012,0,0,53,clouds
2024.04.09,3.46,56,23.32,1007,0,0,36,clouds
2024.04.10,3.55,87,11.2,1027,0,0,100,clouds
2024.04.11,1.71,54,15.52,1032,0,0,32,clouds
2024.04.12,2.11,45,19.85,1030,0,0,77,clouds
2024.04.13,3.28,63,20.64,1025,0,0,100,clouds
2024.04.14,6.56,62,19.86,1018,0,0,100,clouds
2024.04.15,1.85,76,12.52,1007,0,0,98,clouds
2024.04.16,6.47,39,8.75,1002,0,0,89,clouds
2024.04.17,3.71,70,7.51,1007,0,0,89,clouds
2024.04.18,5.16,64,7.05,1015,0,0,82,clouds
2024.04.19,6.93,80,6.15,1007,{'1h': 0.49},0,100,rain
2024.04.20,3.69,99,3.18,1016,0,0,100,clouds
2024.04.21,4.6,69,5.69,1019,0,0,91,clouds
2024.04.22,3.81,43,7.12,1022,0,0,91,clouds
2024.04.23,1.5,32,10.96,1016,0,0,96,clouds
2024.04.24,3.22,56,8.71,1006,0,0,100,clouds
2024.04.25,5.48,64,6.95,1006,0,0,94,clouds
2024.04.26,4.47,57,12.4,1008,0,0,47,clouds
2024.04.27,4.91,51,18.81,1012,0,0,32,clouds
2024.04.28,3.59,49,20.5,1013,0,0,62,clouds
2024.04.29,2.94,55,20.94,1020,0,0,80,clouds
2024.04.30,7.03,46,25.57,1017,0,0,19,clouds
2024.05.01,9.46,63,20.13,1010,0,0,27,clouds
2024.05.02,9.68,67,20.03,1003,0,0,4,clear
2024.05.03,2.55,81,17.13,1011,0,0,92,clouds
2024.05.04,0.69,56,18.0,1015,0,0,94,clouds
2024.05.05,6.22,71,15.94,1011,0,0,100,clouds
2024.05.06,0.58,93,14.84,1009,0,0,100,clouds
2024.05.07,3.66,72,11.23,1016,{'1h': 2.37},0,100,rain
2024.05.08,3.8,52,14.16,1022,0,0,99,clouds
2024.05.09,3.13,54,17.35,1025,0,0,18,clouds
2024.05.10,2.47,38,18.28,1023,0,0,98,clouds
2024.05.11,1.75,59,19.33,1022,0,0,100,clouds
2024.05.12,2.49,59,19.69,1020,0,0,72,clouds
2024.05.13,4.13,42,20.89,1016,0,0,0,clear
2024.05.14,5.91,45,22.09,1013,0,0,2,clear
2024.05.15,8.38,40,22.38,1011,0,0,0,clear
2024.05.16,8.45,67,18.43,1010,0,0,94,clouds
2024.05.17,7.33,99,11.4,1010,{'1h': 0.11},0,100,rain
2024.05.18,1.95,99,13.12,1011,{'1h': 0.35},0,100,rain
2024.05.19,3.38,93,16.88,1010,{'1h': 0.12},0,100,rain
2024.05.20,3.64,63,20.51,1011,0,0,29,clouds
2024.05.21,5.45,82,20.9,1008,{'1h': 7.89},0,100,rain
2024.05.22,3.5,99,14.1,1010,{'1h': 0.13},0,100,rain
2024.05.23,0.96,59,20.14,1014,0,0,48,clouds
2024.05.24,3.95,86,17.49,1017,0,0,100,clouds
2024.05.25,3.24,88,20.62,1017,0,0,13,clouds
2024.05.26,4.27,82,21.11,1019,0,0,97,clouds
2024.05.27,1.02,77,22.76,1017,0,0,100,clouds
2024.05.28,1.5,99,15.12,1018,{'1h': 0.29},0,100,rain
2024.05.29,3.67,72,19.74,1014,0,0,100,clouds
2024.05.30,2.64,99,14.83,1007,{'1h': 1.37},0,100,rain
2024.05.31,4,67,20.21,1006,0,0,100,clouds
2024.06.01,2.47,99,16.51,1010,{'1h': 0.65},0,97,rain
2024.06.02,4.15,87,19.18,1015,0,0,98,clouds
2024.06.03,2.99,63,15.13,1016,0,0,99,clouds
2024.06.04,1.08,72,18.26,1014,0,0,96,clouds
2024.06.05,4.1,60,21.9,1012,0,0,81,clouds
2024.06.06,3.03,56,21.86,1016,0,0,37,clouds
2024.06.07,4.76,50,22.29,1017,0,0,21,clouds
2024.06.08,3.79,64,24.0,1011,0,0,8,clear
2024.06.09,1.05,72,20.52,1008,0,0,83,clouds
2024.06.10,0.05,55,19.8,1006,0,0,99,clouds
2024.06.11,6.06,66,13.93,1013,0,0,63,clouds
2024.06.12,2.12,58,15.25,1017,0,0,70,clouds
2024.06.13,3.29,65,14.69,1017,0,0,79,clouds
2024.06.14,3.68,87,15.24,1015,{'1h': 0.14},0,100,rain
2024.06.15,3.84,93,16.5,1009,0,0,96,clouds
2024.06.16,3.67,49,22.63,1010,0,0,90,clouds
2024.06.17,5.8,72,22.32,1014,0,0,99,clouds
2024.06.18,3.74,60,25.14,1016,0,0,74,clouds
2024.06.19,2.49,88,21.25,1015,0,0,99,clouds
2024.06.20,3,88,20.54,1022,0,0,87,clouds
2024.06.21,3.9,78,25.97,1012,0,0,81,clouds
2024.06.22,4.54,72,19.13,1013,0,0,56,clouds
2024.06.23,3.09,72,21.13,1017,0,0,55,clouds
2024.06.24,1.52,63,20.71,1019,0,0,53,clouds
2024.06.25,3.75,60,25.13,1016,0,0,1,clear
2024.06.26,4.94,45,30.11,1011,0,0,49,clouds
2024.06.27,3.06,74,27.7,1010,0,0,96,clouds
2024.06.28,3.15,78,27.76,1013,0,0,40,clouds
2024.06.29,2.67,74,29.02,1015,0,0,18,clouds
2024.06.30,4.03,68,24.8,1007,0,0,93,clouds
2024.07.01,4.26,82,20.58,1012,0,0,89,clouds
2024.07.02,4.26,62,15.48,1012,0,0,78,clouds
2024.07.03,3.25,55,17.98,1009,0,0,90,clouds
2024.07.04,6.41,59,20.15,1008,0,0,59,clouds
2024.07.05,6.38,50,21.06,1012,0,0,86,clouds
2024.07.06,5.15,65,27.8,1005,0,0,45,clouds
2024.07.07,3.95,67,20.07,1016,0,0,100,clouds
2024.07.08,3.34,68,23.85,1018,0,0,29,clouds
2024.07.09,2.84,61,28.02,1018,0,0,32,clouds
2024.07.10,1.56,57,28.15,1016,0,0,100,clouds
2024.07.11,2.25,83,23.8,1017,0,0,61,clouds
2024.07.12,2.23,84,27.97,1012,0,0,100,clouds
2024.07.13,2.65,88,20.83,1012,0,0,81,clouds
2024.07.14,3.15,44,25.75,1014,0,0,14,clouds
2024.07.15,2.1,49,31.84,1014,0,0,30,clouds
2024.07.16,4.15,59,25.98,1013,0,0,92,clouds
2024.07.17,2.85,56,24.81,1019,0,0,92,clouds
2024.07.18,1.26,64,23.64,1023,0,0,61,clouds
2024.07.19,1.63,53,27.91,1019,0,0,45,clouds
2024.07.20,2.41,61,27.33,1012,0,0,98,clouds
2024.07.21,1.84,57,29.96,1008,0,0,4,clear
2024.07.22,5.17,82,22.85,1015,0,0,92,clouds
2024.07.23,2.71,64,25.47,1017,0,0,71,clouds
2024.07.24,6.37,77,20.47,1016,0,0,57,clouds
2024.07.25,2.49,59,21.58,1015,0,0,9,clear
2024.07.26,1.44,56,23.21,1013,{'1h': 0.87},0,97,rain
2024.07.27,3.18,49,26.86,1014,0,0,92,clouds
2024.07.28,5.25,82,19.91,1022,0,0,78,clouds
2024.07.29,4.2,41,22.97,1024,0,0,1,clear
